user name,date,Game Mode,Kills,Damage,Survival Time,Rescue,Distance traveled,Skill Uses,Preferred Skill,Preferred Weapon 1,Preferred Weapon 2,Arsenal,Accuracy,Head shot,Earned Rank XP,Earned XP,High Tier,Final Position,Total Groups,Total players
dayiszc,20/04/2024,Squad,3,839,15:29:00,0,4422,1,Rewind,M4,Bazzoca FHJ,1,"25,7%","0,0%",55,12896,1,1,26,100
dayiszc,20/04/2024,Squad,3,585,14:23:00,0,4147,4,Rewind,M4,Bazzoca FHJ,1,"24,3%","0,0%",18,9563,0,6,26,100
dayiszc,20/04/2024,Single,9,1765,19:24:00,0,4296,4,Rewind,M4,Bazzoca FHJ,1,"36,1%","11,1%",76,13969,0,1,100,100
dayiszc,21/04/2024,Single,6,1250,17:05:00,0,3512,2,Rewind,M4,Bazzoca FHJ,1,"44,8%","0,0%",57,13223,0,2,100,100
dayiszc,22/04/2024,Single,6,1365,13:53:00,0,3819,1,Rewind,M4,Bazzoca FHJ,0,"29,7%","16,7%",23,2356,0,16,100,100
dayiszc,23/04/2024,Single,0,57,1:33:00,0,1160,0,Rewind,M4,Bazzoca FHJ,0,"0,0%","0,0%",-30,1023,1,100,100,100
katherineguti,19/04/2024,Squad,7,1774,16:58:00,0,3840,4,Ravager Launcher,M4,Sniper M21,1,"35,0%","14,3%",43,9230,1,2,26,100
katherineguti,19/04/2024,Squad,5,1912,14:23:00,1,3542,5,Ravager Launcher,M4,Sniper M21,1,"35,6%","40,0%",23,5202,0,6,26,100
soniacuro,19/04/2024,Squad,1,299,15:29:00,0,3470,7,Clown,AK117,Sniper Tundra,1,"19,1%","0,0%",69,11056,1,1,26,100
soniacuro,19/04/2024,Squad,2,645,14:23:00,0,2695,2,Clown,AK117,Sniper Tundra,1,"83,9%","0,0%",39,5369,0,6,26,100
soniacuro,19/04/2024,Squad,5,1435,16:58:00,0,3581,7,Clown,AK117,Sniper Tundra,1,"26,3%","0,0%",58,6512,1,2,26,100
endergzlz,21/04/2024,Single,0,115,1:27:00,0,1282,1,Ninja,M4,Sniper DLQ,0,"3,8%","0,0%",-4,2001,1,97,100,100
endergzlz,21/04/2024,Single,8,1561,10:26:00,0,6212,1,Ninja,M4,Sniper DLQ,1,"35,3%","37,5%",34,2369,0,33,100,100
endergzlz,21/04/2024,Single,10,2317,17:22:00,0,5642,5,Ninja,M4,Sniper DLQ,1,"28,6%","0,0%",89,4523,0,5,100,100
endergzlz,22/04/2024,Single,4,929,9:21:00,0,4464,10,Ninja,M4,Sniper DLQ,0,"16,1%","0,0%",30,3325,0,36,100,100
endergzlz,23/04/2024,Single,2,493,2:15:00,0,2256,0,Ninja,M4,Sniper DLQ,0,"17,7%","0,0%",0,2560,1,91,100,100
endergzlz,23/04/2024,Single,13,2512,13:55:00,0,6020,19,Ninja,M4,Sniper DLQ,0,"20,1%","7,7%",39,3695,0,13,100,100
endergzlz,23/04/2024,Single,12,2694,18:11:00,0,8451,28,Ninja,M4,Sniper DLQ,1,"22,1%","8,3%",215,11023,1,1,100,100
endergzlz,24/04/2024,Single,6,1388,15:49:00,0,5886,9,Ninja,M4,Sniper DLQ,1,"15,6%","0,0%",88,5623,0,8,100,100
endergzlz,25/04/2024,Single,13,2334,17:39:00,0,6675,19,Ninja,M4,Sniper DLQ,1,"23,4%","15,4%",110,12369,1,1,100,100
endergzlz,25/04/2024,Single,3,649,11:27:00,0,3685,7,Ninja,M4,Sniper DLQ,0,"12,4%","33,3%",35,4569,0,27,100,100
endergzlz,26/04/2024,Single,15,2648,17:11:00,0,8984,30,Ninja,M4,Sniper DLQ,1,"20,0%","13,3%",123,12003,1,1,100,100
endergzlz,27/04/2024,Single,0,115,1:27:00,0,1282,1,Ninja,M4,Sniper DLQ,0,"3,8%","0,0%",-4,2896,1,97,100,100
dayiszc,21/04/2024,Squad,2,1042,16:58:00,0,3704,0,Rewind,AK47,Bazzoca FHJ,1,"40,9%","0,0%",160,5698,1,2,26,100
dayiszc,22/04/2024,Squad,1,483,19:37:00,2,5136,1,Rewind,AK47,Bazzoca FHJ,1,"32,8%","0,0%",76,5239,0,2,26,100
dayiszc,23/04/2024,Squad,14,3326,17:35:00,1,5549,3,Rewind,AK47,Sniper M21,1,"34,8%","7,1%",78,11746,0,1,26,100
dayiszc,24/04/2024,Squad,8,2532,17:07:00,0,3677,2,Rewind,AK47,Bazzoca FHJ,1,"56,0%","0,0%",63,9568,1,2,26,100
dayiszc,25/04/2024,Single,5,1380,17:10:00,0,5423,5,Rewind,AK47,Bazzoca FHJ,1,"26,3%","0,0%",66,11999,1,1,100,100
katherineguti,20/04/2024,Squad,5,1605,15:46:00,1,3198,5,Ravager Launcher,AK47,Sniper M21,1,"36,0%","0,0%",68,6987,0,2,26,100
katherineguti,20/04/2024,Squad,6,1600,13:36:00,0,2650,3,Ravager Launcher,AK47,Sniper M21,1,"28,9%","16,7%",34,5632,0,6,25,100
katherineguti,20/04/2024,Squad,0,114,2:01:00,0,1565,0,Ravager Launcher,AK47,Sniper M21,0,"15,0%","0,0%",0,2136,1,25,25,100
katherineguti,20/04/2024,Squad,9,2463,13:23:00,4,3603,6,Ravager Launcher,AK47,Sniper M21,1,"37,0%","0,0%",51,5647,1,6,25,100
katherineguti,20/04/2024,Squad,2,792,10:17:00,1,3416,2,Ravager Launcher,AK47,Sniper M21,0,"36,0%","0,0%",1,3698,0,14,25,100
katherineguti,20/04/2024,Squad,4,1166,16:05:00,1,4144,4,Ravager Launcher,AK47,Sniper M21,1,"35,1%","25,0%",49,5639,1,6,25,100
katherineguti,20/04/2024,Squad,6,1845,17:49:00,4,4125,4,Ravager Launcher,AK47,Sniper M21,1,"39,0%","0,0%",84,12036,1,1,26,100
katherineguti,20/04/2024,Squad,0,55,3:42:00,0,1062,0,Ravager Launcher,AK47,Sniper M21,0,"25,0%","0,0%",0,3605,0,20,26,100
katherineguti,20/04/2024,Squad,3,1527,6:42:00,0,2603,1,Ravager Launcher,AK47,Sniper M21,0,"46,8%","0,0%",0,3896,0,18,26,100
katherineguti,20/04/2024,Squad,9,2635,17:58:00,2,5124,5,Ravager Launcher,AK47,Sniper M21,1,"31,1%","11,1%",84,10235,0,1,25,100
katherineguti,21/04/2024,Squad,6,2196,16:04:00,0,4531,5,Ravager Launcher,AK47,Sniper M21,1,"24,2%","0,0%",46,6897,0,5,26,100
katherineguti,21/04/2024,Squad,3,1283,12:43:00,0,5591,3,Ravager Launcher,AK47,Sniper M21,0,"58,1%","0,0%",13,5634,0,9,25,100
katherineguti,21/04/2024,Squad,2,907,9:11:00,0,2681,1,Ravager Launcher,AK47,Sniper M21,0,"66,7%","0,0%",0,3269,0,16,25,100
katherineguti,21/04/2024,Squad,3,993,13:41:00,1,3734,4,Ravager Launcher,AK47,Sniper M21,0,"35,9%","0,0%",20,5612,0,8,25,100
katherineguti,23/04/2024,Squad,7,2474,19:26:00,1,4640,8,Ravager Launcher,AK47,Sniper M21,1,"42,1%","14,3%",105,11547,1,1,26,100
katherineguti,23/04/2024,Squad,12,4399,18:45:00,0,4337,7,Ravager Launcher,AK47,Sniper M21,1,"73,7%","16,7%",57,10254,0,2,26,100
katherineguti,23/04/2024,Squad,2,616,19:22:00,1,5667,3,Ravager Launcher,AK47,Sniper M21,1,"20,5%","0,0%",118,7963,0,3,25,100
katherineguti,23/04/2024,Squad,10,2442,17:16:00,1,4646,6,Ravager Launcher,AK47,Sniper M21,1,"27,8%","0,0%",105,10489,0,1,26,100
katherineguti,26/04/2024,Duo,0,93,2:27:00,0,1134,0,Ravager Launcher,AK47,Sniper M21,0,"27,3%","0,0%",-30,2365,1,48,51,100
katherineguti,26/04/2024,Duo,3,1031,12:18:00,0,2937,3,Ravager Launcher,AK47,Sniper M21,0,"32,6%","0,0%",1,2966,0,22,51,100
katherineguti,26/04/2024,Duo,3,813,11:38,0,3140,5,Ravager Launcher,AK47,Sniper M21,0,"17,0%","66,7%",4,3002,0,17,51,100
katherineguti,26/04/2024,Duo,8,1504,10:09:00,0,3344,2,Ravager Launcher,AK47,Sniper M21,1,"57,1%","12,5%",5,2563,0,19,50,100
katherineguti,26/04/2024,Duo,4,1016,7:10:00,0,2395,2,Ravager Launcher,AK47,Sniper M21,0,"17,5%","50,0%",-14,2030,1,31,52,100
katherineguti,26/04/2024,Duo,7,2909,17:32:00,0,4215,6,Ravager Launcher,AK47,Sniper M21,1,"19,6%","42,9%",78,10298,1,1,50,100
katherineguti,26/04/2024,Duo,4,970,12:23:00,0,3216,2,Ravager Launcher,AK47,Sniper M21,1,"46,4%","0,0%",12,3695,0,14,51,100
katherineguti,26/04/2024,Duo,11,3040,19:36:00,1,3026,5,Ravager Launcher,AK47,Sniper M21,1,"29,1%","9,1%",67,9526,0,2,51,100
katherineguti,26/04/2024,Squad,6,1740,11:59:00,0,3132,3,Ravager Launcher,AK47,Sniper M21,0,"26,3%","0,0%",7,3658,1,11,26,100
katherineguti,26/04/2024,Squad,0,226,2:04:00,0,1569,0,Ravager Launcher,AK47,Sniper M21,0,"100,0%","0,0%",-29,2374,1,25,25,100
katherineguti,26/04/2024,Squad,0,354,9:19:00,1,2351,1,Ravager Launcher,AK47,Sniper M21,0,"25,0%","0,0%",-7,5801,0,15,25,100
katherineguti,26/04/2024,Squad,4,1619,17:21:00,0,3549,4,Ravager Launcher,AK47,Sniper M21,1,"21,3%","25,0%",48,9635,1,2,26,100
katherineguti,26/04/2024,Squad,3,1082,7:11:00,0,2797,1,Ravager Launcher,AK47,Sniper M21,0,"43,8%","33,3%",-12,5002,0,17,26,100
katherineguti,26/04/2024,Squad,6,1753,10:44:00,1,3010,2,Ravager Launcher,AK47,Sniper M21,0,"41,3%","16,7%",2,5523,0,15,25,100
katherineguti,26/04/2024,Squad,1,268,2:52:00,0,1770,1,Ravager Launcher,AK47,Sniper M21,0,"25,5%","0,0%",-29,2541,1,25,25,100
katherineguti,26/04/2024,Squad,9,2293,19:33:00,0,4961,5,Ravager Launcher,AK47,Sniper M21,1,"31,9%","33,3%",83,8961,1,2,25,100
katherineguti,26/04/2024,Squad,5,1572,18:11:00,1,4724,6,Ravager Launcher,AK47,Sniper M21,1,"28,0%","20,0%",90,10999,1,1,26,100
katherineguti,26/04/2024,Squad,7,1874,16:02:00,0,4108,3,Ravager Launcher,AK47,Sniper M21,1,"44,5%","42,9%",59,8002,0,2,25,100
katherineguti,28/04/2024,Squad,4,1284,16:14:00,0,4027,3,Ravager Launcher,AK47,Sniper M21,1,"34,8%","0,0%",67,7968,1,3,25,100
katherineguti,28/04/2024,Squad,12,3712,19:32:00,0,5044,6,Ravager Launcher,AK47,Sniper M21,1,"38,7%","16,7%",103,10236,0,1,25,100
katherineguti,28/04/2024,Squad,6,1221,10:00:00,0,3106,3,Ravager Launcher,AK47,Sniper M21,0,"36,0%","16,7%",-1,5963,1,14,26,100
katherineguti,28/04/2024,Squad,1,268,4:05:00,0,1023,1,Ravager Launcher,AK47,Sniper M21,0,"51,6%","0,0%",-29,4569,0,23,26,100
katherineguti,28/04/2024,Squad,8,1161,11:02:00,0,2889,3,Ravager Launcher,AK47,Sniper M21,0,"47,1%","12,5%",2,4963,0,12,25,100
katherineguti,28/04/2024,Squad,8,1907,16:51:00,0,4368,6,Ravager Launcher,AK47,Sniper M21,0,"32,1%","25,0%",76,10578,0,1,26,100
katherineguti,28/04/2024,Squad,1,331,7:22:00,0,3235,0,Ravager Launcher,AK47,Sniper M21,0,"100,0%","0,0%",-9,5682,1,15,25,100
katherineguti,28/04/2024,Squad,4,988,8:49:00,0,2533,1,Ravager Launcher,AK47,Sniper M21,0,"34,5%","25,0%",-4,5821,0,14,25,100
katherineguti,28/04/2024,Squad,6,1422,18:01:00,0,5675,6,Ravager Launcher,AK47,Sniper M21,1,"20,5%","0,0%",78,9487,1,2,25,100
katherineguti,28/04/2024,Squad,6,2082,18:31:00,2,5165,11,Ravager Launcher,AK47,Sniper M21,1,"12,5%","0,0%",60,10963,0,1,25,100
katherineguti,28/04/2024,Squad,9,3108,18:56:00,1,4934,7,Ravager Launcher,AK47,Sniper M21,1,"31,9%","11,1%",86,10958,1,1,27,100
katherineguti,28/04/2024,Squad,6,2016,18:06:00,1,5496,8,Ravager Launcher,AK47,Sniper M21,1,"29,2%","0,0%",60,9963,0,1,25,100
dayiszc,20/04/2024,Squad,1,673,13:36:00,0,3228,1,Rewind,AK47,Bazzoca FHJ,1,"10,7%","0,0%",34,6584,0,6,25,100
dayiszc,20/04/2024,Squad,0,0,2:01:00,0,1772,0,Rewind,AK47,Bazzoca FHJ,0,"0,0%","0,0%",0,2356,1,25,25,100
dayiszc,20/04/2024,Squad,1,832,13:23:00,1,3538,2,Rewind,AK47,Bazzoca FHJ,1,"26,1%","100,0%",36,6237,0,6,27,100
dayiszc,20/04/2024,Squad,3,1193,10:17:00,1,2759,0,Rewind,AK47,Bazzoca FHJ,0,"47,2%","0,0%",4,5791,0,14,25,100
dayiszc,20/04/2024,Squad,1,950,16:05:00,0,3572,2,Rewind,AK47,Bazzoca FHJ,1,"26,6%","0,0%",41,7001,1,6,25,100
dayiszc,20/04/2024,Squad,3,1096,17:49:00,2,5529,1,Rewind,AK47,Bazzoca FHJ,1,"36,3%","33,3%",82,12039,1,1,26,100
dayiszc,20/04/2024,Squad,4,1184,10:06:00,0,3363,1,Rewind,AK47,Bazzoca FHJ,1,"30,7%","0,0%",0,5369,0,14,26,100
dayiszc,20/04/2024,Squad,0,168,3:42:00,0,1204,1,Rewind,AK47,Bazzoca FHJ,0,"23,3%","0,0%",-29,3574,1,20,26,100
dayiszc,20/04/2024,Squad,1,332,6:42:00,0,2378,0,Rewind,AK47,Bazzoca FHJ,0,"18,4%","0,0%",0,3025,0,18,26,100
dayiszc,20/04/2024,Squad,4,1164,17:58:00,0,5351,3,Rewind,AK47,Bazzoca FHJ,1,"21,5%","0,0%",82,11958,1,1,25,100
dayiszc,20/04/2024,Squad,5,2386,16:04:00,0,4710,3,Rewind,AK47,Bazzoca FHJ,1,"54,8%","40,0%",46,6254,0,5,26,100
dayiszc,21/04/2024,Squad,4,1376,12:43:00,1,4805,2,Rewind,AK47,Bazzoca FHJ,1,"37,4%","25,0%",21,4998,0,9,25,100
dayiszc,21/04/2024,Squad,3,799,9:11:00,0,2579,0,Rewind,AK47,Bazzoca FHJ,0,"43,9%","0,0%",0,5961,0,16,25,100
dayiszc,21/04/2024,Squad,3,1051,13:41:00,1,3498,2,Rewind,AK47,Bazzoca FHJ,1,"32,9%","0,0%",24,5998,0,8,25,100
dayiszc,21/04/2024,Squad,7,2078,19:26:00,2,4001,2,Rewind,AK47,Bazzoca FHJ,1,"33,0%","14,3%",105,10997,1,1,26,100
dayiszc,23/04/2024,Squad,4,1221,18:45:00,1,3785,3,Rewind,AK47,Bazzoca FHJ,1,"36,0%","25,0%",46,9052,1,2,26,100
dayiszc,23/04/2024,Squad,2,1502,19:22:00,4,3993,6,Rewind,AK47,Bazzoca FHJ,1,"21,8%","0,0%",74,8413,1,3,25,100
dayiszc,23/04/2024,Squad,2,837,17:16:00,1,5402,2,Rewind,AK47,Bazzoca FHJ,0,"13,4%","0,0%",102,10054,0,1,26,100
dayiszc,26/04/2024,Duo,0,289,2:27:00,0,1174,0,Rewind,AK47,Bazzoca FHJ,0,"55,0%","0,0%",-29,2841,1,48,51,100
dayiszc,26/04/2024,Duo,4,1092,12:18:00,1,3024,0,Rewind,AK47,Bazzoca FHJ,0,"41,0%","0,0%",3,2958,1,22,51,100
dayiszc,26/04/2024,Duo,5,1467,11:38:00,0,3612,1,Rewind,AK47,Bazzoca FHJ,1,"26,9%","0,0%",6,5663,0,17,51,100
dayiszc,26/04/2024,Duo,2,833,10:09:00,0,3288,1,Rewind,AK47,Bazzoca FHJ,1,"53,4%","0,0%",1,4987,0,19,50,100
dayiszc,26/04/2024,Duo,1,382,7:10:00,0,2580,1,Rewind,AK47,Bazzoca FHJ,0,"16,7%","0,0%",-19,4215,1,31,52,100
dayiszc,26/04/2024,Duo,13,3313,17:32:00,1,4655,2,Rewind,AK47,Bazzoca FHJ,1,"31,0%","30,8%",78,12089,1,1,50,100
dayiszc,26/04/2024,Duo,3,1162,12:23:00,0,3475,1,Rewind,AK47,Bazzoca FHJ,0,"34,7%","0,0%",10,5621,0,14,51,100
dayiszc,26/04/2024,Duo,8,2725,19:36:00,1,4348,2,Rewind,AK47,Bazzoca FHJ,1,"29,2%","0,0%",71,8561,0,2,51,100
dayiszc,26/04/2024,Squad,2,584,11:59:00,0,3796,1,Rewind,AK47,Bazzoca FHJ,0,"19,8%","0,0%",5,5982,1,11,26,100
dayiszc,26/04/2024,Squad,0,147,2:04:00,0,1333,0,Rewind,AK47,Bazzoca FHJ,0,"22,2%","0,0%",-30,2135,1,25,25,100
dayiszc,26/04/2024,Squad,2,970,9:19:00,0,2573,0,Rewind,AK47,Bazzoca FHJ,0,"30,2%","0,0%",-6,5723,0,15,25,100
dayiszc,26/04/2024,Squad,3,1169,17:21:00,1,4463,0,Rewind,AK47,Bazzoca FHJ,1,"29,4%","0,0%",74,8547,1,2,26,100
dayiszc,26/04/2024,Squad,2,751,7:11:00,0,3146,0,Rewind,AK47,Bazzoca FHJ,0,"35,4%","0,0%",-14,5136,0,17,26,100
dayiszc,26/04/2024,Squad,3,1246,10:44:00,0,3642,3,Rewind,AK47,Bazzoca FHJ,1,"35,7%","0,0%",-2,5681,0,15,25,100
dayiszc,26/04/2024,Squad,0,122,2:52:00,0,1484,0,Rewind,AK47,Bazzoca FHJ,0,"31,3%","0,0%",-15,2589,1,25,25,100
dayiszc,26/04/2024,Squad,6,1388,19:33:00,1,4169,2,Rewind,AK47,Bazzoca FHJ,1,"21,2%","16,7%",77,8479,1,2,25,100
dayiszc,26/04/2024,Squad,1,748,18:11:00,2,5016,1,Rewind,AK47,Bazzoca FHJ,1,"23,1%","100,0%",90,11002,1,1,26,100
dayiszc,26/04/2024,Squad,1,765,16:02:00,2,4546,1,Rewind,AK47,Bazzoca FHJ,1,"23,0%","0,0%",56,9254,0,2,25,100
dayiszc,28/04/2024,Squad,4,1727,16:14:00,3,4036,2,Rewind,AK47,Bazzoca FHJ,1,"45,9%","0,0%",71,8510,1,3,25,100
dayiszc,28/04/2024,Squad,11,3602,19:32:00,2,4665,4,Rewind,AK47,Bazzoca FHJ,1,"24,8%","9,1%",91,11548,1,1,25,100
dayiszc,28/04/2024,Squad,4,1524,10:00,0,3603,1,Rewind,AK47,Bazzoca FHJ,1,"19,3%","25,0%",-1,5347,1,14,26,100
dayiszc,28/04/2024,Squad,1,299,4:05:00,0,1879,2,Rewind,AK47,Bazzoca FHJ,0,"19,8%","0,0%",-27,3001,0,23,26,100
dayiszc,28/04/2024,Squad,3,1510,11:02:00,0,3811,1,Rewind,AK47,Bazzoca FHJ,1,"36,1%","33,3%",2,5984,0,12,25,100
dayiszc,28/04/2024,Squad,9,2025,16:51:00,2,4310,1,Rewind,AK47,Bazzoca FHJ,1,"30,5%","11,1%",76,9541,0,1,26,100
dayiszc,28/04/2024,Squad,2,497,7:22:00,0,2992,1,Rewind,AK47,Bazzoca FHJ,0,"40,0%","0,0%",-8,5832,1,15,25,100
dayiszc,28/04/2024,Squad,2,923,8:49:00,0,2655,2,Rewind,AK47,Bazzoca FHJ,0,"21,0%","0,0%",-4,5941,0,14,25,100
dayiszc,28/04/2024,Squad,7,2241,18:01:00,1,5418,0,Rewind,AK47,Bazzoca FHJ,1,"25,5%","14,3%",78,9963,1,2,25,100
dayiszc,28/04/2024,Squad,7,2409,18:31:00,1,5921,1,Rewind,AK47,Bazzoca FHJ,1,"21,3%","0,0%",76,10032,0,1,25,100
dayiszc,28/04/2024,Squad,3,920,18:56:00,1,5195,3,Rewind,AK47,Bazzoca FHJ,1,"21,1%","0,0%",72,9214,1,1,27,100
dayiszc,28/04/2024,Squad,6,2003,18:06:00,1,5552,2,Rewind,AK47,Bazzoca FHJ,1,"32,8%","0,0%",59,9962,0,1,25,100
soniacuro,19/04/2024,Squad,0,24,3:05:00,0,1032,0,Clown,AK47,Sniper Tundra,0,"7,1%","0,0%",-23,2341,1,25,26,100
soniacuro,20/04/2024,Squad,0,0,2:52:00,0,1239,1,Clown,AK47,Sniper Tundra,0,"0,0%","0,0%",0,2100,0,25,25,100
soniacuro,20/04/2024,Squad,0,422,9:18:00,1,2717,6,Clown,AK47,Sniper Tundra,0,"16,1%","0,0%",16,4958,0,14,25,100
soniacuro,20/04/2024,Squad,1,301,18:08:00,3,3800,3,Clown,AK47,Sniper Tundra,0,"4,4%","0,0%",134,6700,1,2,25,100
soniacuro,20/04/2024,Squad,0,375,19:00:00,1,3281,2,Clown,AK47,Sniper Tundra,0,"31,3%","0,0%",52,5987,0,2,25,100
soniacuro,20/04/2024,Squad,2,307,7:51:00,0,2467,2,Clown,AK47,Sniper Tundra,0,"25,9%","0,0%",0,5321,1,17,25,100
soniacuro,20/04/2024,Squad,3,775,14:44:00,0,3602,4,Clown,AK47,Sniper Tundra,1,"23,0%","0,0%",86,9001,0,1,26,100
soniacuro,20/04/2024,Squad,2,377,15:59:00,1,3835,5,Clown,AK47,Sniper Tundra,0,"15,5%","0,0%",64,8412,0,3,26,100
soniacuro,20/04/2024,Squad,0,0,3:20:00,0,2200,1,Clown,AK47,Sniper Tundra,0,"0,0%","0,0%",0,3541,1,23,25,100
soniacuro,21/04/2024,Squad,1,504,15:46:00,0,2933,2,Clown,AK47,Sniper Tundra,0,"11,5%","0,0%",61,7412,0,2,26,100
soniacuro,21/04/2024,Squad,5,936,13:36:00,0,2900,3,Clown,AK47,Sniper Tundra,1,"11,4%","0,0%",34,5489,1,6,25,100
soniacuro,21/04/2024,Squad,0,0,2:01:00,0,1495,0,Clown,AK47,Sniper Tundra,0,"0,0%","0,0%",0,1991,0,25,25,100
soniacuro,21/04/2024,Squad,0,256,13:23:00,1,3556,5,Clown,AK47,Sniper Tundra,0,"8,7%","0,0%",76,5147,0,6,27,100
soniacuro,21/04/2024,Squad,2,651,10:17:00,0,3085,3,Clown,AK47,Sniper Tundra,0,"13,7%","0,0%",0,5823,1,14,25,100
soniacuro,21/04/2024,Squad,3,340,16:05:00,1,3257,4,Clown,AK47,Sniper Tundra,0,"21,7%","50,0%",40,5205,0,6,25,100
soniacuro,21/04/2024,Squad,4,949,17:49:00,0,3978,3,Clown,AK47,Sniper Tundra,1,"21,1%","25,0%",79,9890,1,1,26,100
soniacuro,21/04/2024,Squad,2,923,10:06:00,0,2802,2,Clown,AK47,Sniper Tundra,0,"17,8%","0,0%",0,5641,1,14,26,100
soniacuro,21/04/2024,Squad,0,48,3:42:00,0,996,2,Clown,AK47,Sniper Tundra,0,"11,1%","0,0%",0,2980,1,20,26,100
soniacuro,21/04/2024,Squad,0,67,6:42:00,0,2436,1,Clown,AK47,Sniper Tundra,0,"6,3%","0,0%",0,2999,0,18,26,100
soniacuro,21/04/2024,Squad,2,890,17:58:00,1,4726,7,Clown,AK47,Sniper Tundra,0,"15,5%","0,0%",80,10254,0,1,25,100
soniacuro,22/04/2024,Squad,3,1190,16:04:00,2,4255,5,Clown,AK47,Sniper Tundra,1,"10,9%","33,3%",45,5422,0,5,26,100
soniacuro,22/04/2024,Squad,1,391,12:43:00,1,4069,5,Clown,AK47,Sniper Tundra,0,"9,3%","0,0%",11,4987,0,9,25,100
soniacuro,22/04/2024,Squad,0,0,9:11:00,0,3051,0,Clown,AK47,Sniper Tundra,0,"0,0%","0,0%",0,4987,1,16,25,100
soniacuro,22/04/2024,Squad,5,927,13:41:00,0,2883,4,Clown,AK47,Sniper Tundra,1,"15,3%","20,0%",25,6412,0,8,25,100
soniacuro,23/04/2024,Squad,3,419,19:26:00,0,4346,6,Clown,AK47,Sniper Tundra,0,"8,3%","0,0%",100,10256,1,1,26,100
soniacuro,24/04/2024,Squad,1,419,18:45:00,0,4765,6,Clown,AK47,Sniper Tundra,0,"17,0%","0,0%",53,6897,0,2,26,100
soniacuro,24/04/2024,Squad,2,953,19:22:00,0,3649,8,Clown,AK47,Sniper Tundra,1,"8,7%","0,0%",67,6254,0,3,25,100
soniacuro,24/04/2024,Squad,2,551,17:16:00,0,4555,7,Clown,AK47,Sniper Tundra,1,"11,9%","0,0%",100,10958,1,1,26,100
soniacuro,26/04/2024,Squad,1,470,11:59:00,0,3042,5,Clown,AK47,Sniper Tundra,0,"22,4%","0,0%",4,5931,0,11,26,100
soniacuro,26/04/2024,Squad,0,204,2:04:00,0,1294,0,Clown,AK47,Sniper Tundra,0,"0,0%","0,0%",-30,2004,1,25,25,100
soniacuro,26/04/2024,Squad,1,622,9:19:00,0,2479,1,Clown,AK47,Sniper Tundra,0,"5,1%","0,0%",-5,4712,1,15,25,100
soniacuro,26/04/2024,Squad,0,889,17:21:00,2,3744,5,Clown,AK47,Sniper Tundra,0,"6,8%","0,0%",79,6471,0,2,26,100
soniacuro,26/04/2024,Squad,1,140,7:11:00,0,2970,3,Clown,AK47,Sniper Tundra,0,"30,8%","0,0%",-15,4512,0,17,26,100
soniacuro,26/04/2024,Squad,1,615,10:44:00,0,2679,6,Clown,AK47,Sniper Tundra,0,"30,5%","0,0%",-7,4625,0,15,25,100
soniacuro,26/04/2024,Squad,0,0,2:52:00,0,1584,0,Clown,AK47,Sniper Tundra,0,"0,0%","0,0%",-30,2031,1,25,25,100
soniacuro,26/04/2024,Squad,3,599,19:33:00,0,4619,6,Clown,AK47,Sniper Tundra,1,"7,4%","0,0%",73,7001,1,2,26,100
soniacuro,26/04/2024,Squad,2,331,18:11:00,0,4187,3,Clown,AK47,Sniper Tundra,1,"4,8%","0,0%",100,8957,0,1,26,100
soniacuro,26/04/2024,Squad,1,402,16:02:00,0,4600,2,Clown,AK47,Sniper Tundra,1,"13,4%","100,0%",56,6958,0,2,25,100
soniacuro,28/04/2024,Squad,2,393,16:04:00,0,3210,2,Clown,AK47,Sniper Tundra,1,"10,2%","0,0%",63,6289,1,3,25,100
soniacuro,28/04/2024,Squad,4,1233,19:32:00,1,4917,8,Clown,AK47,Sniper Tundra,1,"16,5%","25,0%",96,10845,1,1,25,100
soniacuro,28/04/2024,Squad,0,212,10:00:00,0,3352,3,Clown,AK47,Sniper Tundra,0,"8,5%","0,0%",-7,5836,1,14,26,100
soniacuro,28/04/2024,Squad,0,0,4:05:00,0,913,0,Clown,AK47,Sniper Tundra,0,"0,0%","0,0%",-30,2514,0,23,26,100
soniacuro,28/04/2024,Squad,2,521,11:02:00,0,3061,5,Clown,AK47,Sniper Tundra,0,"13,0%","50,0%",-2,4012,0,12,25,100
soniacuro,28/04/2024,Squad,1,373,16:51:00,0,4235,4,Clown,AK47,Sniper Tundra,0,"18,0%","0,0%",70,8745,0,1,26,100
soniacuro,28/04/2024,Squad,1,325,7:22:00,0,2925,2,Clown,AK47,Sniper Tundra,0,"15,8%","100,0%",-9,5648,1,15,25,100
soniacuro,28/04/2024,Squad,2,644,8:49:00,0,2518,1,Clown,AK47,Sniper Tundra,0,"21,6%","0,0%",-7,5714,0,14,25,100
soniacuro,28/04/2024,Squad,1,781,18:01:00,0,5761,7,Clown,AK47,Sniper Tundra,1,"15,1%","0,0%",73,7033,1,2,25,100
soniacuro,28/04/2024,Squad,3,886,18:31:00,1,4557,5,Clown,AK47,Sniper Tundra,1,"8,9%","66,7%",62,7041,0,1,25,100
soniacuro,28/04/2024,Squad,10,1986,18:56:00,2,4348,7,Clown,AK47,Sniper Tundra,1,"27,7%","10,0%",95,6023,1,1,27,100
cesarabreu,23/04/2024,Squad,1,350,13:51:00,0,3940,1,Scout,AK117,Sniper DLQ,1,"100,0%","0,0%",43,4765,0,5,25,100
cesarabreu,23/04/2024,Squad,2,686,4:23:00,2,2052,2,Scout,AK117,Sniper DLQ,0,"36,0%","0,0%",0,2141,1,20,26,100
cesarabreu,23/04/2024,Squad,1,471,18:19:00,2,4308,3,Scout,AK117,Sniper DLQ,0,"42,9%","100,0%",73,6066,0,2,25,100
cesarabreu,23/04/2024,Squad,2,631,19:04:00,0,4043,3,Scout,AK117,Sniper DLQ,0,"54,2%","0,0%",51,6023,0,3,27,100
cesarabreu,23/04/2024,Squad,1,173,12:37:00,1,4004,1,Scout,AK117,Sniper DLQ,0,"18,9%","100,0%",5,4232,0,10,25,100
cesarabreu,24/04/2024,Squad,8,2784,19:42:00,0,5750,9,Scout,AK117,Sniper DLQ,1,"31,2%","25,0%",96,6894,1,1,26,100
cesarabreu,24/04/2024,Squad,5,1519,18:20:00,0,4503,7,Scout,AK117,Sniper DLQ,1,"51,4%","0,0%",49,6094,0,5,26,100
cesarabreu,24/04/2024,Squad,0,535,10:50:00,0,3208,3,Scout,AK117,Sniper DLQ,0,"8,2%","0,0%",-7,3737,0,12,25,100
cesarabreu,24/04/2024,Squad,2,536,11:45:00,0,2869,4,Scout,AK117,Sniper DLQ,0,"9,8%","0,0%",19,4278,0,9,25,100
cesarabreu,24/04/2024,Squad,1,557,2:57:00,0,1118,1,Scout,AK117,Sniper DLQ,0,"38,9%","0,0%",0,1572,1,26,26,100
cesarabreu,24/04/2024,Squad,0,404,3:06:00,0,1946,2,Scout,AK117,Sniper DLQ,0,"34,0%","0,0%",0,1522,1,23,25,100
cesarabreu,24/04/2024,Squad,1,185,17:34:00,0,4235,7,Scout,AK117,Sniper DLQ,0,"4,8%","0,0%",48,5974,0,1,25,100
cesarabreu,24/04/2024,Squad,0,370,4:40:00,0,1664,0,Scout,AK117,Sniper DLQ,0,"16,3%","0,0%",0,2035,1,20,25,100
cesarabreu,24/04/2024,Squad,1,497,18:13:00,1,4932,10,Scout,AK117,Sniper DLQ,0,"9,8%","0,0%",69,6039,0,2,26,100
cesarabreu,24/04/2024,Squad,5,1461,17:28:00,0,3480,5,Scout,AK117,Sniper DLQ,1,"22,5%","20,0%",74,6041,0,1,25,100
cesarabreu,25/04/2024,Squad,1,204,14:52:00,1,3423,4,Scout,AK117,Sniper DLQ,0,"6,9%","0,0%",41,5045,0,5,25,100
cesarabreu,25/04/2024,Squad,2,1054,17:17:00,0,7870,8,Scout,AK117,Sniper DLQ,1,"30,7%","0,0%",53,5552,1,4,28,100
cesarabreu,27/04/2024,Squad,1,167,8:54:00,0,2729,1,Scout,AK117,Sniper DLQ,0,"17,0%","0,0%",-23,6018,0,18,27,100
cesarabreu,27/04/2024,Squad,0,0,3:04:00,0,950,0,Scout,AK117,Sniper DLQ,0,"0,0%","0,0%",-30,2763,1,27,27,100
cesarabreu,27/04/2024,Squad,6,1712,19:11:00,1,5253,11,Scout,AK117,Sniper DLQ,1,"30,8%","16,7%",56,12356,1,2,27,100
cesarabreu,27/04/2024,Squad,7,1365,17:09:00,0,4740,5,Scout,AK117,Sniper DLQ,1,"33,3%","42,9%",74,11709,0,1,26,100
cesarabreu,27/04/2024,Squad,10,3146,20:20:00,1,6228,10,Scout,AK117,Sniper DLQ,1,"23,4%","20,0%",103,13818,1,1,28,100
cesarabreu,27/04/2024,Squad,3,874,12:12:00,0,2901,4,Scout,AK117,Sniper DLQ,0,"33,3%","0,0%",-1,8017,0,13,27,100
cesarabreu,27/04/2024,Squad,3,1600,13:38:00,1,4780,7,Scout,AK117,Sniper DLQ,1,"44,7%","0,0%",37,8929,0,6,25,100
cesarabreu,27/04/2024,Squad,2,674,13:47:00,0,3552,4,Scout,AK117,Sniper DLQ,1,"43,8%","0,0%",45,8836,0,5,26,100
cesarabreu,27/04/2024,Squad,9,3228,19:24:00,1,4906,9,Scout,AK117,Sniper DLQ,1,"21,2%","11,1%",103,13492,1,1,25,100
cesarabreu,27/04/2024,Squad,2,182,17:10:00,0,3767,3,Scout,AK117,Sniper DLQ,0,"20,4%","0,0%",92,10793,0,5,25,100
cesarabreu,28/04/2024,Squad,7,2222,18:32:00,1,4720,11,Scout,AK117,Sniper DLQ,1,"43,4%","0,0%",84,12406,1,1,27,100
cesarabreu,28/04/2024,Squad,2,788,17:38:00,2,4757,4,Scout,AK117,Sniper DLQ,1,"26,5%","0,0%",34,10777,0,5,26,100
cesarabreu,28/04/2024,Squad,9,2689,19:21:00,1,5406,10,Scout,AK117,Sniper DLQ,1,"24,1%","11,1%",56,13123,1,3,25,100
cesarabreu,28/04/2024,Squad,6,1765,15:54:00,1,5511,10,Scout,AK117,Sniper DLQ,1,"37,2%","0,0%",22,10826,0,7,26,100
cesarabreu,28/04/2024,Squad,2,946,7:52:00,2,2047,3,Scout,AK117,Sniper DLQ,1,"40,8%","0,0%",-18,5799,0,15,26,100
cesarabreu,28/04/2024,Squad,3,2167,19:10:00,1,4329,9,Scout,AK117,Sniper DLQ,1,"26,2%","33,3%",53,11997,1,3,25,100
cesarabreu,28/04/2024,Squad,2,1021,7:11:00,0,2694,3,Scout,AK117,Sniper DLQ,0,"59,7%","0,0%",-33,5447,1,18,25,100
cesarabreu,28/04/2024,Squad,6,2170,13:34:00,1,3662,9,Scout,AK117,Sniper DLQ,0,"26,3%","33,3%",-6,9429,0,11,25,100
cesarabreu,28/04/2024,Squad,10,2641,18:07:00,0,5895,10,Scout,AK117,Sniper DLQ,1,"31,0%","20,2%",86,13002,1,1,26,100
cesarabreu,28/04/2024,Squad,5,1575,17:01:00,2,4903,11,Scout,AK117,Sniper DLQ,1,"44,6%","0,0%",37,10970,0,5,26,100
cesarabreu,29/04/2024,Squad,1,874,18:42:00,0,5895,6,Scout,AK117,Sniper DLQ,1,"28,4%","0,0%",57,11540,0,2,28,100
cesarabreu,29/04/2024,Squad,4,829,16:15:00,0,5033,2,Scout,AK117,Sniper DLQ,1,"38,5%","0,0%",57,5773,0,2,27,100
cesarabreu,29/04/2024,Squad,1,683,11:11:00,1,4044,3,Scout,AK117,Sniper DLQ,0,"26,3%","100,0%",0,3925,0,15,25,100
cesarabreu,29/04/2024,Squad,1,300,4:30:00,0,2137,2,Scout,AK117,Sniper DLQ,0,"100,0%","0,0%",-44,2081,1,20,26,100
cesarabreu,29/04/2024,Squad,5,1988,15:27:00,0,4122,9,Scout,AK117,Sniper DLQ,1,"10,0%","40,0%",25,5574,0,5,25,100
cesarabreu,29/04/2024,Squad,0,0,19:48:00,0,1375,0,Scout,AK117,Sniper DLQ,0,"0,0%","0,0%",2,6384,1,2,26,100
cesarabreu,29/04/2024,Squad,5,1418,10:38:00,1,3496,5,Scout,AK117,Sniper DLQ,1,"29,0%","0,0%",-18,4142,0,14,26,100
cesarabreu,29/04/2024,Squad,0,0,2:43:00,0,1742,1,Scout,AK117,Sniper DLQ,0,"0,0%","0,0%",-44,1416,1,25,25,100
cesarabreu,29/04/2024,Squad,0,39,8:44:00,1,2507,3,Scout,AK117,Sniper DLQ,0,"44,4%","0,0%",-26,3020,0,15,27,100
cesarabreu,29/04/2024,Squad,6,1835,19:11:00,0,4483,9,Scout,AK117,Sniper DLQ,1,"51,0%","0,0%",44,6472,0,2,25,100
cesarabreu,29/04/2024,Squad,0,0,2:57:00,0,1264,1,Scout,AK117,Sniper DLQ,0,"0,0%","0,0%",-45,1416,1,25,25,100
dayiszc,29/04/2024,Squad,6,1312,19:20:00,1,7040,0,Rewind,AK47,Bazzoca FHJ,1,"42,2%","0,0%",59,6923,0,1,26,100
dayiszc,29/04/2024,Squad,1,627,6:08:00,0,1736,0,Rewind,AK47,Bazzoca FHJ,0,"55,6%","100,0%",0,2532,0,16,25,100
dayiszc,29/04/2024,Squad,2,707,19:26:00,0,5041,1,Rewind,AK47,Bazzoca FHJ,1,"35,5%","0,0%",36,6467,0,2,26,100
dayiszc,29/04/2024,Squad,4,1348,16:24:00,0,6037,1,Rewind,AK47,Bazzoca FHJ,1,"37,3%","0,0%",59,5928,0,1,25,100
dayiszc,29/04/2024,Duo,3,1148,19:39:00,5,5192,5,Rewind,AK47,Bazzoca FHJ,1,"19,0%","33,3%",50,6618,0,2,50,100
dayiszc,29/04/2024,Duo,3,753,7:55:00,0,2700,0,Rewind,AK47,Bazzoca FHJ,0,"42,5%","0,0%",0,3128,0,26,50,100
dayiszc,29/04/2024,Duo,9,2198,18:15:00,1,3221,0,Rewind,AK47,Bazzoca FHJ,1,"46,5%","0,0%",60,6900,0,1,50,100
dayiszc,29/04/2024,Squad,2,640,13:07:00,1,3310,1,Rewind,AK47,Bazzoca FHJ,1,"44,9%","0,0%",-11,4550,0,11,26,100
dayiszc,29/04/2024,Squad,2,1180,17:54:00,0,5306,0,Rewind,AK47,Bazzoca FHJ,1,"23,7%","0,0%",62,6043,0,2,27,100
dayiszc,29/04/2024,Squad,3,1789,19:01:00,0,4089,2,Rewind,AK47,Bazzoca FHJ,1,"45,9%","0,0%",34,6375,0,4,26,100
dayiszc,30/04/2024,Squad,1,422,17:20:00,2,4866,1,Rewind,AK47,Bazzoca FHJ,0,"11,9%","0,0%",32,5727,1,5,26,100
katherineguti,29/04/2024,Squad,5,1535,19:20:00,3,5290,9,Ravager Launcher,AK47,Sniper M21,1,"42,9%","20,0%",60,6831,0,1,26,100
katherineguti,29/04/2024,Squad,1,441,6:08:00,0,2181,1,Ravager Launcher,AK47,Sniper M21,0,"32,4%","0,0%",0,2513,0,16,25,100
katherineguti,29/04/2024,Squad,10,3148,19:26:00,3,4721,6,Ravager Launcher,AK47,Sniper M21,1,"25,9%","30,0%",46,7203,0,2,26,100
katherineguti,29/04/2024,Squad,6,1370,16:24:00,1,4849,1,Ravager Launcher,AK47,Sniper M21,1,"32,1%","0,0%",59,6112,0,1,25,100
katherineguti,29/04/2024,Duo,4,1168,19:39:00,0,6076,7,Ravager Launcher,AK47,Sniper M21,1,"24,2%","2505,0%",49,6710,0,2,50,100
katherineguti,29/04/2024,Duo,3,602,7:55:00,0,2602,0,Ravager Launcher,AK47,Sniper M21,0,"28,6%","0,0%",-24,3128,0,26,50,100
katherineguti,29/04/2024,Duo,4,1946,18:15:00,0,3829,3,Ravager Launcher,AK47,Sniper M21,1,"27,8%","25,0%",59,6440,0,1,50,100
katherineguti,29/04/2024,Squad,2,781,13:07:00,0,3541,2,Ravager Launcher,AK47,Sniper M21,1,"32,7%","0,0%",-14,4550,0,11,26,100
katherineguti,29/04/2024,Squad,4,1161,17:54:00,3,4420,4,Ravager Launcher,AK47,Sniper M21,1,"25,2%","0,0%",53,6227,0,2,27,100
katherineguti,29/04/2024,Squad,3,900,19:01:00,1,5579,5,Ravager Launcher,AK47,Sniper M21,1,"25,0%","0,0%",41,6375,0,4,26,100
katherineguti,30/04/2024,Squad,6,2219,17:20:00,1,4765,4,Ravager Launcher,AK47,Sniper M21,1,"28,5%","0,0%",13,6187,1,5,26,100
katherineguti,30/04/2024,Squad,6,2219,16:44:00,4,4771,4,Ravager Launcher,AK47,Sniper M21,1,"28,4%","33,3%",64,6089,0,2,25,100
katherineguti,30/04/2024,Squad,7,1787,13:42:00,0,3341,4,Ravager Launcher,AK47,Sniper M21,0,"44,0%","57,1%",1,5275,0,9,25,100
soniacuro,29/04/2024,Squad,4,1055,19:20:00,0,4928,6,Clown,AK47,Sniper M21,1,"13,3%","0,0%",71,6153,0,1,26,100
soniacuro,29/04/2024,Squad,0,0,6:08:00,0,1301,0,Clown,AK47,Sniper M21,0,"0,0%","0,0%",0,2215,0,16,25,100
soniacuro,29/04/2024,Squad,1,707,19:26:00,0,5041,4,Clown,AK47,Sniper M21,1,"14,0%","0,0%",58,5821,0,2,26,100
soniacuro,29/04/2024,Squad,2,1015,16:24:00,1,5139,2,Clown,AK47,Sniper M21,1,"6,4%","0,0%",57,5245,0,1,25,100
soniacuro,29/04/2024,Squad,1,234,13:07:00,0,3464,3,Clown,AK47,Sniper M21,1,"7,5%","0,0%",-11,4071,0,11,26,100
soniacuro,29/04/2024,Squad,3,889,17:54:00,1,4458,5,Clown,AK47,Sniper M21,1,"21,9%","0,0%",50,5602,0,2,27,100
soniacuro,30/04/2024,Squad,1,616,19:01:00,4,5410,4,Clown,AK47,Sniper M21,1,"19,6%","0,0%",34,5653,0,4,26,100
soniacuro,30/04/2024,Squad,2,625,17:20:00,2,4491,6,Clown,AK47,Sniper M21,1,"36,5%","0,0%",12,5313,1,5,26,100
soniacuro,30/04/2024,Squad,1,197,16:44:00,2,5163,4,Clown,AK47,Sniper M21,1,"20,6%","0,0%",58,5140,0,2,25,100
soniacuro,30/04/2024,Squad,2,454,13:42:00,0,3629,0,Clown,AK47,Sniper M21,0,"18,6%","0,0%",-2,4397,0,9,25,100
katherineguti,30/04/2024,Duo,12,2409,17:04:00,0,3429,5,Ravager Launcher,AK47,Sniper M21,1,"37,9%","33,3%",58,6848,0,1,50,100
dayiszc,30/04/2024,Duo,3,1330,17:04:00,1,3534,1,Rewind,AK47,Bazzoca FHJ,1,"30,2%","33,3%",57,6020,0,1,50,100
gazadz,20/04/2024,Squad,4,1407,14:49:00,2,4250,4,Trap master,AK117,Sniper XPR 50,1,"23,1%","50,5%",19,6000,0,6,26,100
gazadz,20/04/2024,Squad,2,1189,10:55:00,0,3227,1,Trap master,AK117,Sniper XPR 50,0,"96,8%","0,0%",-30,4458,0,13,25,100
gazadz,20/04/2024,Squad,0,335,9:29:00,0,4141,4,Trap master,AK117,Sniper XPR 50,0,"15,3%","0,0%",-29,3803,0,12,25,100
gazadz,20/04/2024,Squad,0,0,6:54:00,0,3242,1,Trap master,AK117,Sniper XPR 50,0,"0,0%","0,0%",-19,2997,1,18,26,100
gazadz,20/04/2024,Squad,5,1605,"07:02,0",0,3387,4,Trap master,AK117,Sniper XPR 50,0,"50,3%","0,0%",-15,3422,0,18,27,100
gazadz,20/04/2024,Squad,3,971,8:25:00,0,3192,4,Trap master,AK117,Sniper XPR 50,0,"48,2%","0,0%",-10,3637,0,14,25,100
gazadz,22/04/2024,Squad,0,517,16:12:00,0,5828,7,Trap master,AK117,Sniper XPR 50,0,"16,5%","0,0%",30,5785,0,5,27,100
gazadz,22/04/2024,Squad,6,1709,"11:16,0",2,3957,9,Trap master,AK117,Sniper XPR 50,1,"38,4%","33,3%",-3,4792,0,11,27,100
gazadz,22/04/2024,Squad,7,2543,18:57:00,1,6803,6,Trap master,AK117,Sniper XPR 50,1,"27,9%","0,0%",84,7510,0,1,25,100
gazadz,22/04/2024,Squad,2,771,2:20:00,0,1336,0,Trap master,AK117,Sniper XPR 50,0,"51,2%","0,0%",-50,1625,1,26,27,100
gazadz,22/04/2024,Squad,2,903,3:19:00,1,1276,1,Trap master,AK117,Sniper XPR 50,0,"35,4%","0,0%",-49,1996,1,24,25,100
gazadz,22/04/2024,Squad,0,320,9:46:00,0,3645,0,Trap master,AK117,Sniper XPR 50,0,"27,0%","0,0%",0,2994,0,4,26,100
gazadz,23/04/2024,Squad,2,989,12:34:00,1,4057,3,Trap master,AK117,Sniper XPR 50,0,"38,9%","0,0%",2,4895,0,9,25,100
gazadz,23/04/2024,Squad,5,1665,13:16:00,0,4584,0,Trap master,AK117,Sniper XPR 50,1,"31,1%","20,0%",19,5621,0,6,26,100
gazadz,23/04/2024,Squad,2,764,9:30:00,0,3213,2,Trap master,AK117,Sniper XPR 50,0,"47,5%","0,0%",-10,4016,0,12,26,100
gazadz,24/04/2024,Squad,5,2025,13:46:00,2,3857,17,Trap master,AK117,Sniper XPR 50,1,"25,0%","0,0%",23,5777,0,7,25,100
gazadz,24/04/2024,Squad,1,250,3:11:00,0,1820,2,Trap master,AK117,Sniper XPR 50,0,"26,9%","0,0%",-51,1780,1,22,25,100
gazadz,24/04/2024,Squad,1,687,8:55:00,0,2509,2,Trap master,AK117,Sniper XPR 50,1,"41,6%","0,0%",0,3730,0,3,25,100
gazadz,24/04/2024,Squad,5,1372,12:50:00,0,4423,4,Trap master,AK117,Sniper XPR 50,1,"25,3%","0,0%",13,5275,0,8,26,100
gazadz,26/04/2024,Squad,4,1616,16:40:00,1,5140,4,Trap master,AK117,Sniper XPR 50,1,"25,5%","50,0%",28,6325,1,6,25,100
gazadz,26/04/2024,Squad,0,103,3:03:00,0,1819,0,Trap master,AK117,Sniper XPR 50,0,"12,5%","0,0%",0,1312,0,13,25,100
gazadz,26/04/2024,Squad,6,1650,15:19:00,1,5776,18,Trap master,AK117,Sniper XPR 50,1,"19,4%","0,0%",35,6120,1,5,25,100
gazadz,26/04/2024,Squad,7,1869,17:53:00,1,5490,9,Trap master,AK117,Sniper XPR 50,1,"29,1%","28,6%",23,6990,1,5,26,100
gazadz,26/04/2024,Squad,5,1282,19:23:00,1,6257,8,Trap master,AK117,Sniper XPR 50,1,"40,4%","20,0%",44,7315,1,2,26,100
gazadz,26/04/2024,Squad,0,0,1:51:00,0,1854,0,Trap master,AK117,Sniper XPR 50,0,"0,0%","0,0%",-53,1331,1,26,26,100
gazadz,27/04/2024,Squad,0,162,9:20:00,0,3091,0,Trap master,AK117,Sniper XPR 50,0,"7,3%","0,0%",-30,3756,0,13,26,100
gazadz,27/04/2024,Squad,1,349,3:00:00,0,1791,1,Trap master,AK117,Sniper XPR 50,0,"58,3%","0,0%",-22,1794,1,22,26,100
gazadz,27/04/2024,Squad,3,870,6:27:00,1,3023,3,Trap master,AK117,Sniper XPR 50,0,"29,9%","33,3%",-14,3168,1,17,27,100
gazadz,27/04/2024,Squad,5,1672,8:02:00,2,2524,6,Trap master,AK117,Sniper XPR 50,0,"39,3%","20,0%",-9,3870,0,15,26,100
gazadz,27/04/2024,Squad,9,2914,19:30:00,3,5469,8,Trap master,AK117,Sniper XPR 50,1,"39,6%","0,0%",84,8190,1,1,25,100
gazadz,28/04/2024,Squad,3,974,11:32:00,1,3141,3,Trap master,AK117,Sniper XPR 50,0,"32,9%","0,0%",-26,4572,0,13,25,100
gazadz,28/04/2024,Squad,1,651,5:12:00,0,3022,0,Trap master,AK117,Sniper XPR 50,0,"46,8%","0,0%",-51,2472,1,20,26,100
gazadz,28/04/2024,Squad,0,0,2:58:00,0,2084,0,Trap master,AK117,Sniper XPR 50,0,"0,0%","0,0%",-22,1615,1,25,25,100
gazadz,28/04/2024,Squad,3,958,7:28:00,0,2862,1,Trap master,AK117,Sniper XPR 50,0,"92,3%","0,0%",-19,3486,0,19,26,100
gazadz,29/04/2024,Squad,1,442,19:03:00,1,2215,2,Trap master,AK117,Sniper XPR 50,0,"48,9%","0,0%",4,7087,1,2,27,100
gazadz,29/04/2024,Squad,5,1269,19:31:00,0,4287,12,Trap master,AK117,Sniper XPR 50,1,"23,7%","40,0%",40,7779,1,1,26,100
gazadz,29/04/2024,Squad,2,658,8:35:00,2,3237,4,Trap master,AK117,Sniper XPR 50,0,"30,5%","0,0%",-10,3730,0,16,25,100
gazadz,30/04/2024,Squad,6,1852,1:01:00,6,5497,5,Trap master,AK117,Sniper XPR 50,1,"22,8%","0,0%",30,6344,0,5,25,100
gazadz,30/04/2024,Squad,7,2226,12:51:00,1,4415,11,Trap master,AK117,Sniper XPR 50,1,"35,7%","0,0%",6,5699,1,9,25,100
gazadz,30/04/2024,Squad,2,643,8:19:00,2,2817,0,Trap master,AK117,Sniper XPR 50,0,"51,9%","0,0%",-9,3507,0,14,26,100
gazadz,30/04/2024,Squad,6,2424,15:59:00,0,4788,10,Trap master,AK117,Sniper XPR 50,1,"25,3%","33,3%",83,6520,0,1,26,100
gazadz,01/05/2024,Squad,0,105,2:25:00,0,1671,1,Trap master,AK117,Sniper XPR 50,0,"31,3%","0,0%",-52,1508,1,25,25,100
gazadz,01/05/2024,Squad,9,2541,18:53:00,0,6503,8,Trap master,AK117,Sniper XPR 50,1,"26,8%","11,1%",59,7690,0,1,28,100
gazadz,01/05/2024,Squad,5,1363,16:10:00,2,4636,7,Trap master,AK117,Sniper XPR 50,1,"40,4%","0,0%",37,6275,0,3,25,100
gazadz,01/05/2024,Squad,2,589,17:43:00,0,4298,6,Trap master,AK117,Sniper XPR 50,0,"44,6%","0,0%",27,6697,0,4,26,100
gazadz,01/05/2024,Squad,6,2324,19:20:00,0,5731,7,Trap master,AK117,Sniper XPR 50,1,"32,0%","0,0%",49,7696,0,2,26,100
hksya,11/04/2024,Squad,2,539,14:02:00,0,4945,2,Ghost,AK47,Bazzoca FHJ,0,"23,2%","50,0%",0,4481,0,8,27,100
hksya,12/04/2024,Squad,3,899,14:31:00,1,2953,1,Ghost,AK47,Bazzoca FHJ,1,"45,8%","0,0%",4,4464,0,6,26,100
hksya,13/04/2024,Squad,5,1258,10:43:00,0,3207,1,Ghost,AK47,Bazzoca FHJ,1,"24,4%","0,0%",-18,3622,0,11,27,100
hksya,14/04/2024,Squad,3,565,17:53:00,0,3948,0,Ghost,AK47,Bazzoca FHJ,0,"9,5%","33,3%",19,5272,0,3,26,100
hksya,15/04/2024,Squad,2,534,17:56:00,1,5457,3,Ghost,AK47,Bazzoca FHJ,0,"13,3%","0,0%",46,5364,0,1,26,100
hksya,16/04/2024,Squad,3,1231,17:45:00,0,4738,0,Ghost,AK47,Bazzoca FHJ,1,"20,1%","33,3%",28,5300,0,2,25,100
hksya,16/04/2024,Squad,1,449,12:18:00,0,4131,0,Ghost,AK47,Bazzoca FHJ,0,"22,1%","0,0%",-17,3772,0,10,25,100
hksya,16/04/2024,Squad,0,0,9:02:00,0,2788,0,Ghost,AK47,Bazzoca FHJ,0,"0,0%","0,0%",-35,2818,0,15,25,100
hksya,17/04/2024,Squad,2,474,7:10:00,0,2246,0,Ghost,AK47,Bazzoca FHJ,0,"28,4%","0,0%",0,2530,0,14,27,100
hksya,17/04/2024,Squad,3,691,18:00:00,0,4593,5,Ghost,AK47,Bazzoca FHJ,0,"15,7%","33,3%",30,5360,0,2,27,100
hksya,17/04/2024,Squad,3,862,18:12:00,2,3748,0,Ghost,AK47,Bazzoca FHJ,1,"37,4%","0,0%",26,5408,0,2,25,100
hksya,17/04/2024,Squad,1,360,10:36:00,0,3682,2,Ghost,AK47,Bazzoca FHJ,0,"20,9%","0,0%",-22,3274,0,11,26,100
hksya,20/04/2024,Squad,1,349,4:32:00,0,1154,0,Ghost,AK47,Bazzoca FHJ,0,"36,0%","100,0%",0,1908,1,20,25,100
hksya,20/04/2024,Squad,1,866,19:33:00,0,4982,0,Ghost,AK47,Bazzoca FHJ,0,"8,4%","0,0%",88,5955,1,1,26,100
hksya,20/04/2024,Squad,0,0,2:18:00,0,1294,0,Ghost,AK47,Bazzoca FHJ,0,"0,0%","0,0%",0,1188,1,25,26,100
hksya,20/04/2024,Squad,2,490,17:04:00,0,5424,0,Ghost,AK47,Bazzoca FHJ,0,"12,7%","50,0%",92,5308,0,2,25,100
hksya,20/04/2024,Squad,0,0,9:09:00,0,2658,0,Ghost,AK47,Bazzoca FHJ,0,"0,0%","0,0%",0,2988,0,16,25,100
hksya,21/04/2024,Squad,1,415,11:51:00,0,4129,0,Ghost,AK47,Bazzoca FHJ,0,"11,3%","0,0%",15,3847,0,10,25,100
hksya,21/04/2024,Squad,3,1125,17:28:00,0,5658,0,Ghost,AK47,Bazzoca FHJ,1,"23,5%","33,3%",85,5172,0,3,25,100
hksya,21/04/2024,Squad,2,566,9:23:00,0,3083,3,Ghost,AK47,Bazzoca FHJ,0,"66,3%","0,0%",11,3215,0,13,25,100
hksya,21/04/2024,Squad,3,785,11:56:00,0,3973,1,Ghost,AK47,Bazzoca FHJ,0,"18,2%","33,3%",37,3844,1,8,27,100
hksya,21/04/2024,Squad,2,625,17:49:00,1,3104,0,Ghost,AK47,Bazzoca FHJ,0,"37,2%","0,0%",56,5236,1,2,26,100
hksya,21/04/2024,Squad,2,652,17:47:00,1,6340,0,Ghost,AK47,Bazzoca FHJ,0,"12,1%","0,0%",65,5426,0,3,25,100
hksya,21/04/2024,Squad,1,300,18:02:00,0,3835,0,Ghost,AK47,Bazzoca FHJ,0,"22,7%","0,0%",67,5468,0,2,26,100
hksya,24/04/2024,Squad,3,954,17:01:00,1,4594,1,Ghost,AK47,Bazzoca FHJ,1,"29,8%","0,0%",50,5064,0,4,25,100
hksya,24/04/2024,Squad,2,660,15:57:00,0,3042,0,Ghost,AK47,Bazzoca FHJ,0,"12,5%","0,0%",39,4728,1,5,25,100
hksya,25/04/2024,Squad,0,367,7:42:00,0,2659,3,Ghost,AK47,Bazzoca FHJ,0,"13,3%","0,0%",-19,2498,1,18,26,100
hksya,26/04/2024,Squad,2,596,12:28:00,0,3897,0,Ghost,AK47,Bazzoca FHJ,1,"20,9%","0,0%",-1,7612,0,11,27,100
hksya,26/04/2024,Squad,2,2094,19:43:00,0,5540,1,Ghost,AK47,Bazzoca FHJ,1,"17,3%","0,0%",80,11993,1,2,25,100
hksya,26/04/2024,Squad,2,1150,16:46:00,0,4787,0,Ghost,AK47,Bazzoca FHJ,1,"22,8%","0,0%",76,10422,1,1,27,100
hksya,26/04/2024,Squad,2,806,13:17:00,1,4424,0,Ghost,AK47,Bazzoca FHJ,0,"25,7%","0,0%",31,8380,0,7,26,100
hksya,27/04/2024,Squad,3,650,10:27:00,0,3255,0,Ghost,AK47,Bazzoca FHJ,0,"28,4%","33,3%",-2,6965,0,11,25,100
hksya,28/04/2024,Squad,3,853,17:13:00,0,6102,1,Ghost,AK47,Bazzoca FHJ,1,"18,8%","0,0%",75,10344,1,2,27,100
hksya,28/04/2024,Squad,3,787,10:06:00,1,2417,0,Ghost,AK47,Bazzoca FHJ,0,"16,1%","0,0%",0,7203,0,7,25,100
hksya,28/04/2024,Squad,4,902,17:38:00,0,4694,8,Ghost,AK47,Bazzoca FHJ,0,"32,0%","0,0%",77,10904,1,1,25,100
hksya,28/04/2024,Squad,4,1211,19:07:00,0,3420,0,Ghost,AK47,Bazzoca FHJ,1,"32,6%","0,0%",114,11701,1,2,25,100
hksya,28/04/2024,Squad,0,197,8:26:00,0,4141,1,Ghost,AK47,Bazzoca FHJ,0,"9,9%","0,0%",64,10544,1,2,26,100
hksya,28/04/2024,Squad,3,765,18:01:00,1,6088,1,Ghost,AK47,Bazzoca FHJ,0,"13,8%","0,0%",79,10728,1,2,25,100
hksya,28/04/2024,Squad,3,1221,18:31:00,0,5619,0,Ghost,AK47,Bazzoca FHJ,1,"8,5%","0,0%",73,11168,1,1,25,100
hksya,28/04/2024,Squad,3,1208,18:56:00,0,5622,0,Ghost,AK47,Bazzoca FHJ,1,"14,2%","0,0%",103,11652,1,1,27,100
hksya,28/04/2024,Squad,5,1019,18:16:00,0,5183,0,Ghost,AK47,Bazzoca FHJ,1,"14,5%","0,0%",75,11570,0,1,25,100
hksya,28/04/2024,Squad,6,1464,17:28:00,1,5161,2,Ghost,AK47,Bazzoca FHJ,1,"27,8%","16,7%",75,5572,0,1,26,100
hksya,28/04/2024,Squad,5,1452,18:12:00,1,5038,0,Ghost,AK47,Bazzoca FHJ,1,"24,0%","0,0%",78,5668,0,1,25,100
hksya,29/04/2024,Squad,3,784,19:06:00,1,5055,2,Ghost,AK47,Bazzoca FHJ,0,"12,9%","0,0%",60,5624,0,2,26,100
hksya,29/04/2024,Squad,3,1160,17:24:00,0,3836,1,Ghost,AK47,Bazzoca FHJ,1,"45,5%","0,0%",48,5156,0,3,26,100
hksya,29/04/2024,Squad,7,1699,15:56:00,0,5851,0,Ghost,AK47,Bazzoca FHJ,1,"19,1%","14,3%",75,5248,0,1,25,100
hksya,01/05/2024,Squad,0,0,1:50:00,0,975,0,Ghost,AK47,Bazzoca FHJ,0,"0,0%","0,0%",0,1020,1,25,25,100
hksya,01/05/2024,Squad,3,540,9:19:00,0,3264,0,Ghost,AK47,Bazzoca FHJ,0,"27,4%","0,0%",0,3126,0,3,25,100
santiserver,24/04/2024,Squad,4,1434,15:52:00,0,4599,3,Smoke Bomber,M4,Sniper Artic .50,1,"24,2%","0,0%",65,5667,0,2,25,100
santiserver,24/04/2024,Squad,10,3036,18:11:00,2,4998,4,Smoke Bomber,M4,Sniper Artic .50,1,"22,8%","0,0%",84,6873,0,1,25,100
santiserver,24/04/2024,Squad,2,809,9:24:00,0,2620,1,Smoke Bomber,M4,Sniper Artic .50,0,"36,1%","0,0%",-3,3525,0,14,25,100
santiserver,24/04/2024,Squad,4,2089,15:59:00,2,4367,5,Smoke Bomber,M4,Sniper Artic .50,1,"20,1%","0,0%",38,5630,1,8,26,100
santiserver,25/04/2024,Squad,8,2274,17:41:00,3,4452,2,Smoke Bomber,M4,Sniper Artic .50,1,"38,2%","25,0%",84,6651,0,1,26,100
santiserver,25/04/2024,Squad,4,1363,10:52:00,0,2792,1,Smoke Bomber,M4,Sniper Artic .50,0,"40,9%","50,0%",-14,4114,0,18,26,100
santiserver,25/04/2024,Squad,6,2170,20:35:00,2,5756,2,Smoke Bomber,M4,Sniper Artic .50,1,"36,8%","0,0%",94,7268,1,1,26,100
santiserver,26/04/2024,Squad,0,416,19:41:00,1,4032,3,Smoke Bomber,M4,Sniper Artic .50,0,"28,1%","0,0%",76,6467,0,1,27,100
santiserver,26/04/2024,Squad,0,245,5:10:00,0,946,0,Smoke Bomber,M4,Sniper Artic .50,0,"32,1%","0,0%",-29,2093,1,21,25,100
santiserver,26/04/2024,Squad,5,1579,16:23:00,1,4677,2,Smoke Bomber,M4,Sniper Artic .50,1,"10,0%","60,0%",100,6016,1,1,25,100
santiserver,26/04/2024,Squad,5,1778,14:20:00,0,3666,1,Smoke Bomber,M4,Sniper Artic .50,1,"19,3%","0,0%",9,5387,0,11,27,100
santiserver,26/04/2024,Squad,8,2442,14:49:00,0,3739,3,Smoke Bomber,M4,Sniper Artic .50,1,"31,9%","0,0%",44,5922,0,5,25,100
santiserver,26/04/2024,Squad,6,1614,15:57:00,0,4808,3,Smoke Bomber,M4,Sniper Artic .50,1,"18,9%","16,7%",57,11237,1,2,26,100
santiserver,26/04/2024,Squad,4,1752,13:07:00,0,3065,2,Smoke Bomber,M4,Sniper Artic .50,1,"52,8%","0,0%",-1,9058,0,13,26,100
santiserver,26/04/2024,Squad,0,275,19:03:00,0,1695,1,Smoke Bomber,M4,Sniper Artic .50,0,"35,5%","0,0%",0,3831,0,2,25,100
santiserver,26/04/2024,Squad,7,2086,18:26:00,1,3891,2,Smoke Bomber,M4,Sniper Artic .50,1,"30,9%","28,6%",60,12306,1,4,25,100
santiserver,26/04/2024,Squad,7,2358,16:01:00,2,4890,2,Smoke Bomber,M4,Sniper Artic .50,1,"22,2%","0,0%",78,11403,0,1,25,100
santiserver,26/04/2024,Squad,3,1353,17:45:00,0,4052,2,Smoke Bomber,M4,Sniper Artic .50,1,"32,7%","33,3%",43,11395,1,2,25,100
santiserver,26/04/2024,Squad,1,367,13:39:00,0,4393,3,Smoke Bomber,M4,Sniper Artic .50,0,"22,8%","0,0%",4,8440,0,11,25,100
santiserver,26/04/2024,Squad,4,1727,17:28:00,1,5721,0,Smoke Bomber,M4,Sniper Artic .50,1,"33,3%","25,0%",104,11905,1,1,26,100
santiserver,26/04/2024,Squad,6,1363,15:53:00,2,4948,0,Smoke Bomber,M4,Sniper Artic .50,1,"34,6%","0,0%",44,10893,0,4,25,100
santiserver,26/04/2024,Squad,3,634,10:35:00,0,3518,2,Smoke Bomber,M4,Sniper Artic .50,0,"37,7%","0,0%",4,7744,0,10,26,100
santiserver,26/04/2024,Squad,2,1193,15:30:00,1,4049,2,Smoke Bomber,M4,Sniper Artic .50,1,"22,2%","0,0%",33,9933,0,7,26,100
santiserver,26/04/2024,Squad,2,741,11:22:00,0,2584,0,Smoke Bomber,M4,Sniper Artic .50,0,"13,8%","0,0%",-2,7606,0,12,25,100
santiserver,27/04/2024,Squad,0,0,4:28:00,0,1046,0,Smoke Bomber,M4,Sniper Artic .50,0,"0,0%","0,0%",0,3551,0,3,26,100
santiserver,27/04/2024,Squad,6,2048,17:29:00,0,3519,2,Smoke Bomber,M4,Sniper Artic .50,1,"57,1%","16,7%",37,11644,1,4,26,100
santiserver,27/04/2024,Squad,4,1125,10:39:00,0,3110,1,Smoke Bomber,M4,Sniper Artic .50,1,"51,1%","0,0%",1,7774,0,10,27,100
santiserver,27/04/2024,Squad,4,1312,16:14:00,4,3714,2,Smoke Bomber,M4,Sniper Artic .50,1,"37,3%","25,0%",60,10784,1,2,26,100
santiserver,27/04/2024,Squad,4,619,17:52:00,0,4918,2,Smoke Bomber,M4,Sniper Artic .50,0,"14,7%","25,0%",53,11627,1,2,25,100
santiserver,29/04/2024,Squad,1,219,5:47:00,1,1942,1,Smoke Bomber,M4,Sniper Artic .50,0,"17,2%","0,0%",-19,4553,0,17,26,100
santiserver,29/04/2024,Squad,2,705,7:43:00,1,2320,3,Smoke Bomber,M4,Sniper Artic .50,0,"33,3%","0,0%",-6,3061,0,15,25,100
santiserver,29/04/2024,Squad,8,1830,18:22:00,0,4916,1,Smoke Bomber,M4,Sniper Artic .50,1,"45,1%","0,0%",74,6840,0,1,25,100
santiserver,29/04/2024,Squad,1,739,17:52:00,0,3738,1,Smoke Bomber,M4,Sniper Artic .50,0,"23,5%","0,0%",33,5874,0,4,25,100
santiserver,29/04/2024,Squad,4,1494,19:19:00,2,3696,0,Smoke Bomber,M4,Sniper Artic .50,1,"61,4%","25,0%",71,6619,0,2,25,100
santiserver,29/04/2024,Squad,3,826,16:13:00,0,5347,4,Smoke Bomber,M4,Sniper Artic .50,1,"22,3%","0,0%",29,5602,0,4,25,100
santiserver,29/04/2024,Squad,6,1901,17:00:00,0,4329,2,Smoke Bomber,M4,Sniper Artic .50,1,"41,6%","16,7%",74,6279,0,1,26,100
santiserver,29/04/2024,Squad,4,2148,15:58:00,1,5413,3,Smoke Bomber,M4,Sniper Artic .50,1,"24,6%","0,0%",48,5625,0,5,25,100
santiserver,29/04/2024,Squad,3,1942,19:01:00,2,3359,5,Smoke Bomber,M4,Sniper Artic .50,1,"28,9%","66,7%",52,6375,0,4,26,100
santiserver,30/04/2024,Squad,1,1243,17:20:00,1,5002,3,Smoke Bomber,M4,Sniper Artic .50,1,"8,1%","0,0%",31,5727,0,5,26,100
santiserver,30/04/2024,Squad,4,2328,16:44:00,0,5507,3,Smoke Bomber,M4,Sniper Artic .50,1,"33,1%","0,0%",61,5906,0,2,25,100
santiserver,30/04/2024,Squad,2,846,13:42:00,0,3408,1,Smoke Bomber,M4,Sniper Artic .50,0,"24,1%","50,0%",-4,4816,0,9,25,100
santiserver,30/04/2024,Squad,2,528,8:45:00,0,2678,0,Smoke Bomber,M4,Sniper Artic .50,0,"35,3%","0,0%",-42,2915,1,20,26,100
santiserver,02/05/2024,Squad,0,189,8:23:00,0,1882,1,Smoke Bomber,M4,Sniper Artic .50,0,"12,5%","0,0%",0,3194,0,8,27,100
santiserver,02/05/2024,Squad,4,2006,13:50:00,0,3851,2,Smoke Bomber,M4,Sniper Artic .50,1,"41,9%","25,0%",25,5037,0,6,26,100
santiserver,02/05/2024,Squad,4,1114,11:18:00,0,3616,1,Smoke Bomber,M4,Sniper Artic .50,1,"22,2%","0,0%",-14,4234,0,12,25,100
santiserver,02/05/2024,Squad,2,550,3:17:00,0,1903,1,Smoke Bomber,M4,Sniper Artic .50,0,"54,7%","0,0%",-43,1833,1,22,26,100
santiserver,02/05/2024,Squad,2,834,10:50:00,0,3942,1,Smoke Bomber,M4,Sniper Artic .50,0,"33,3%","0,0%",-16,4091,0,12,26,100
santiserver,02/05/2024,Squad,1,521,16:05:00,0,4570,2,Smoke Bomber,M4,Sniper Artic .50,0,"15,0%","0,0%",46,5616,0,5,25,100
santiserver,02/05/2024,Squad,9,2383,20:10:00,1,4346,3,Smoke Bomber,M4,Sniper Artic .50,1,"23,7%","22,2%",45,7632,1,2,25,100
dayiszc,02/05/2024,Single,3,735,4:29:00,0,1858,0,Rewind,AK47,Bazzoca FHJ,0,"48,1%","66,7%",-42,1623,0,73,100,100
dayiszc,02/05/2024,Single,7,1478,16:11:00,0,3314,2,Rewind,AK47,Bazzoca FHJ,0,"28,1%","28,6%",26,5702,0,6,100,100
dayiszc,02/05/2024,Single,9,2484,18:08:00,0,3939,2,Rewind,AK47,Bazzoca FHJ,1,"29,3%","11,1%",58,6569,0,1,100,100
dayiszc,02/05/2024,Single,7,1989,16:39:00,0,4331,1,Rewind,AK47,Bazzoca FHJ,1,"32,9%","22,2%",25,6001,0,7,100,100
dayiszc,02/05/2024,Single,9,1399,20:41:00,0,4314,1,Rewind,AK47,Bazzoca FHJ,1,"29,1%","33,3%",37,7066,0,3,100,100
dayiszc,02/05/2024,Single,8,1798,17:35:00,0,3763,0,Rewind,AK47,Bazzoca FHJ,1,"24,0%","12,5%",37,6160,0,3,100,100
krisshot,19/04/2024,Squad,1,199,11:05:00,0,3229,2,Clown,Oden,Sniper DLQ,0,"16,1%","0,0%",9,4237,0,12,25,100
krisshot,19/04/2024,Squad,1,312,6:16:00,0,2713,2,Clown,Oden,Sniper DLQ,0,"19,2%","0,0%",0,2792,1,18,25,100
krisshot,19/04/2024,Squad,3,1145,11:56:00,1,3550,2,Clown,Oden,Sniper DLQ,1,"71,0%","33,3%",20,4805,0,10,26,100
krisshot,19/04/2024,Squad,2,605,15:20:00,0,4413,2,Clown,Oden,Sniper DLQ,0,"37,0%","0,0%",60,4580,0,3,27,100
krisshot,20/04/2024,Squad,2,709,16:20:00,0,3970,3,Clown,Oden,Sniper DLQ,0,"14,7%","0,0%",69,6100,1,2,26,100
krisshot,21/04/2024,Squad,0,412,15:37:00,1,3780,2,Clown,Oden,Sniper DLQ,0,"33,3%","0,0%",47,5610,0,3,25,100
krisshot,21/04/2024,Squad,8,1934,13:43:00,2,3422,7,Clown,Oden,Sniper DLQ,1,"26,1%","12,5%",40,5840,0,7,25,100
krisshot,21/04/2024,Squad,4,1267,8:49:00,0,3349,4,Clown,Oden,Sniper DLQ,1,"28,3%","0,0%",9,3857,1,15,25,100
krisshot,21/04/2024,Squad,5,1238,16:11:00,0,5285,5,Clown,Oden,Sniper DLQ,1,"36,2%","40,0%",61,6280,1,4,26,100
krisshot,21/04/2024,Squad,1,647,11:38:00,0,3489,1,Clown,Oden,Sniper DLQ,0,"19,7%","0,0%",9,4515,0,10,27,100
krisshot,22/04/2024,Squad,2,932,15:00:00,0,3956,2,Clown,Oden,Sniper DLQ,0,"33,6%","0,0%",34,5625,0,6,25,100
krisshot,22/04/2024,Squad,3,701,13:29:00,0,3760,3,Clown,Oden,Sniper DLQ,0,"36,6%","33,3%",49,5480,0,5,25,100
krisshot,22/04/2024,Squad,3,723,8:40:00,1,1927,1,Clown,Oden,Sniper DLQ,0,"58,5%","0,0%",-10,3860,1,17,26,100
krisshot,22/04/2024,Squad,1,376,9:44:00,0,2317,1,Clown,Oden,Sniper DLQ,0,"77,8%","0,0%",-3,3832,0,14,25,100
krisshot,22/04/2024,Squad,6,1805,19:22:00,0,3512,6,Clown,Oden,Sniper DLQ,1,"33,6%","16,7%",69,7335,0,3,26,100
krisshot,22/04/2024,Squad,4,973,19:42:00,0,6782,6,Clown,Oden,Sniper DLQ,1,"38,7%","0,0%",105,7435,1,1,26,100
krisshot,23/04/2024,Squad,0,477,13:30:00,1,3572,8,Clown,Oden,Sniper DLQ,0,"12,9%","0,0%",18,4975,0,9,26,100
krisshot,24/04/2024,Squad,2,645,14:24:00,0,2653,3,Clown,Oden,Sniper DLQ,0,"71,1%","50,0%",1,4266,0,5,25,100
krisshot,24/04/2024,Squad,0,176,6:47:00,0,2634,1,Clown,Oden,Sniper DLQ,1,"17,4%","0,0%",0,2847,0,3,25,100
krisshot,24/04/2024,Squad,2,581,6:45:00,0,2581,1,Clown,Oden,Sniper DLQ,0,"40,3%","0,0%",-23,3037,0,19,26,100
krisshot,24/04/2024,Squad,3,799,5:15:00,0,1895,2,Clown,Oden,Sniper DLQ,0,"43,0%","0,0%",-24,2687,0,20,25,100
krisshot,24/04/2024,Squad,1,108,10:10:00,0,3094,0,Clown,Oden,Sniper DLQ,0,"10,8%","0,0%",4,3962,0,16,50,100
krisshot,25/04/2024,Squad,4,1007,17:44:00,0,4101,6,Clown,Oden,Sniper DLQ,1,"53,7%","0,0%",64,12096,1,2,25,100
krisshot,26/04/2024,Squad,2,1014,18:29:00,0,4938,2,Clown,Oden,Sniper DLQ,1,"42,1%","0,0%",67,12366,1,1,26,100
krisshot,26/04/2024,Squad,0,0,6:35:00,0,2722,0,Clown,Oden,Sniper DLQ,0,"0,0%","0,0%",-21,5017,1,18,25,100
krisshot,26/04/2024,Squad,1,618,10:11:00,0,2856,3,Clown,Oden,Sniper DLQ,0,"28,7%","0,0%",0,7141,0,7,25,100
krisshot,26/04/2024,Squad,6,1660,19:20:00,1,6536,9,Clown,Oden,Sniper DLQ,1,"17,5%","0,0%",84,13545,1,1,25,100
krisshot,27/04/2024,Squad,5,1432,17:16:00,1,4434,4,Clown,Oden,Sniper DLQ,1,"35,1%","0,0%",81,12249,0,1,25,100
krisshot,27/04/2024,Squad,9,2554,16:58:00,2,5074,7,Clown,Oden,Sniper DLQ,1,"44,4%","11,1%",168,12807,0,1,25,100
krisshot,27/04/2024,Squad,5,1215,16:34:00,0,4648,2,Clown,Oden,Sniper DLQ,1,"35,7%","0,0%",43,11511,0,6,25,100
krisshot,28/04/2024,Squad,2,399,11:01:00,0,3752,2,Clown,Oden,Sniper DLQ,0,"19,3%","0,0%",6,7798,1,11,26,100
krisshot,28/04/2024,Squad,5,1406,19:21:00,1,6198,7,Clown,Oden,Sniper DLQ,1,"35,6%","0,0%",77,7727,0,1,25,100
krisshot,28/04/2024,Squad,8,2459,17:52:00,0,4500,6,Clown,Oden,Sniper DLQ,1,"36,6%","25,0%",63,7446,1,2,25,100
krisshot,28/04/2024,Squad,1,437,17:21:00,3,4905,4,Clown,Oden,Sniper DLQ,0,"33,9%","0,0%",50,6479,0,3,26,100
krisshot,28/04/2024,Squad,3,589,15:27:00,1,4756,4,Clown,Oden,Sniper DLQ,0,"19,8%","0,0%",41,5860,0,4,26,100
krisshot,28/04/2024,Squad,12,2361,18:10:00,1,6079,5,Clown,Oden,Sniper DLQ,1,"30,3%","8,3%",78,7775,0,1,27,100
krisshot,29/04/2024,Squad,5,1320,19:07:00,1,3601,5,Clown,Oden,Sniper DLQ,1,"21,6%","20,0%",64,7360,0,1,25,100
krisshot,30/04/2024,Squad,4,767,20:38:00,0,5033,2,Clown,Oden,Sniper DLQ,0,"29,6%","0,0%",104,7590,1,2,25,100
krisshot,30/04/2024,Squad,1,296,14:47:00,1,4860,0,Clown,Oden,Sniper DLQ,0,"29,8%","0,0%",7,5460,0,10,27,100
krisshot,01/05/2024,Squad,4,2175,16:46:00,4,4400,4,Clown,Oden,Sniper DLQ,1,"18,2%","25,0%",54,6355,0,3,25,100
krisshot,01/05/2024,Squad,2,1001,13:15:00,0,2992,3,Clown,Oden,Sniper DLQ,1,"43,2%","0,0%",24,5304,0,7,25,100
krisshot,01/05/2024,Squad,6,2139,17:51:00,2,4813,5,Clown,Oden,Sniper DLQ,1,"41,1%","0,0%",63,7155,1,4,26,100
krisshot,01/05/2024,Squad,5,1945,19:28:00,1,2921,5,Clown,Oden,Sniper DLQ,1,"46,2%","0,0%",1,4152,0,16,26,100
krisshot,01/05/2024,Squad,7,2040,17:39:00,1,4052,4,Clown,Oden,Sniper DLQ,1,"47,7%","14,3%",46,6920,1,3,25,100
krisshot,02/05/2024,Squad,8,2966,18:16:00,1,5871,6,Clown,Oden,Sniper DLQ,1,"20,3%","12,5%",76,7405,0,1,25,100
krisshot,02/05/2024,Squad,4,1171,12:48:00,0,4036,2,Clown,Oden,Sniper DLQ,1,"28,3%","0,0%",14,5185,1,10,26,100
krisshot,02/05/2024,Squad,7,2645,18:18:00,2,6354,10,Clown,Oden,Sniper DLQ,1,"28,6%","14,3%",76,7315,1,1,25,100
krisshot,02/05/2024,Squad,6,2023,17:11:00,4,4187,4,Clown,Oden,Sniper DLQ,1,"49,8%","16,7%",39,6680,0,3,25,100
bashary,21/04/2024,Squad,1,247,19:19:00,0,5319,1,Spotter,AK47,Sniper Tundra,0,"18,8%","0,0%",34,12411,1,2,25,100
bashary,22/04/2024,Squad,2,494,10:12:00,0,2712,0,Spotter,AK47,Sniper Tundra,0,"16,3%","0,0%",-12,7330,0,11,25,100
bashary,23/04/2024,Squad,3,1102,19:29:00,0,4794,2,Spotter,AK47,Sniper Tundra,1,"30,9%","33,3%",30,12861,1,2,25,100
bashary,24/04/2024,Squad,0,0,2:27:00,0,1795,0,Spotter,AK47,Sniper Tundra,0,"0,0%","0,0%",0,2336,0,11,25,100
bashary,25/04/2024,Squad,3,1102,19:29:00,0,4794,2,Spotter,AK47,Sniper Tundra,1,"30,9%","33,3%",30,12861,1,2,25,100
bashary,26/04/2024,Squad,6,1354,16:03:00,0,5258,0,Spotter,AK47,Sniper Tundra,1,"39,8%","0,0%",33,11412,1,3,25,100
bashary,27/04/2024,Squad,1,376,9:53:00,0,2733,0,Spotter,AK47,Sniper Tundra,0,"23,9%","0,0%",-32,6979,0,14,27,100
bashary,28/04/2024,Squad,1,299,7:24:00,0,1533,0,Spotter,AK47,Sniper Tundra,0,"36,4%","0,0%",-41,5638,0,19,25,100
bashary,29/04/2024,Squad,2,415,16:50:00,0,4219,0,Spotter,AK47,Sniper Tundra,0,"14,6%","0,0%",38,11250,1,2,25,100
bashary,28/04/2024,Squad,0,0,9:03:00,0,3259,0,Spotter,AK47,Sniper Tundra,0,"0,0%","0,0%",-30,6349,0,17,26,100
bashary,28/04/2024,Squad,0,0,3:04:00,0,1427,0,Spotter,AK47,Sniper Tundra,0,"0,0%","0,0%",-45,2961,0,24,26,100
bashary,29/04/2024,Squad,2,457,16:04:00,0,4952,0,Spotter,AK47,Sniper Tundra,0,"20,0%","0,0%",53,11061,0,1,26,100
bashary,30/04/2024,Squad,7,1603,18:05:00,0,5894,1,Spotter,AK47,Sniper Tundra,1,"40,9%","0,0%",45,13050,1,1,25,100
bashary,30/04/2024,Squad,4,1093,15:12:00,0,3700,4,Spotter,AK47,Sniper Tundra,1,"35,5%","0,0%",23,10593,1,5,25,100
bashary,01/05/2024,Squad,4,1366,17:38:00,0,4084,1,Spotter,AK47,Sniper Tundra,1,"23,3%","0,0%",33,6615,0,3,25,100
bashary,01/05/2024,Squad,0,48,2:30:00,0,797,0,Spotter,AK47,Sniper Tundra,0,"16,7%","0,0%",-45,1475,1,27,27,100
bashary,02/05/2024,Squad,4,722,16:00:00,2,4480,7,Spotter,AK47,Sniper Tundra,0,"15,0%","25,0%",25,11025,1,6,25,100
bashary,02/05/2024,Squad,6,1679,17:37:00,0,4974,9,Spotter,AK47,Sniper Tundra,1,"29,5%","0,0%",34,6885,0,2,26,100
bashary,02/05/2024,Squad,5,1848,12:06:00,0,3798,1,Spotter,AK47,Sniper Tundra,1,"32,0%","20,0%",27,4942,0,15,27,100
toporouge,24/04/2024,Squad,4,1034,18:27:00,1,4073,3,Scout,AK117,Sniper XPR 50,1,"48,5%","25,0%",174,6935,0,2,25,100
toporouge,24/04/2024,Squad,1,299,16:54:00,0,2067,1,Scout,AK117,Sniper XPR 50,0,"49,2%","0,0%",0,2878,0,2,25,100
toporouge,24/04/2024,Squad,5,1411,15:34:00,1,2993,2,Scout,AK117,Sniper XPR 50,1,"49,1%","0,0%",83,6095,0,6,26,100
toporouge,24/04/2024,Duo,9,2313,15:00:00,0,3224,0,Scout,AK117,Sniper XPR 50,1,"51,6%","0,0%",88,6325,0,7,50,100
toporouge,25/04/2024,Duo,14,2962,19:10:00,1,4679,4,Scout,AK117,Sniper XPR 50,1,"66,8%","7,1%",138,8150,1,2,52,100
toporouge,25/04/2024,Duo,1,263,7:10:00,0,2202,2,Scout,AK117,Sniper XPR 50,0,"45,5%","0,0%",0,2875,0,33,50,100
toporouge,25/04/2024,Squad,4,1220,18:03:00,0,4509,5,Scout,AK117,Sniper XPR 50,1,"51,2%","0,0%",109,6740,1,4,27,100
toporouge,25/04/2024,Single,7,1414,18:32:00,0,3371,3,Scout,AK117,Sniper XPR 50,1,"54,1%","0,0%",143,7185,1,4,100,100
toporouge,25/04/2024,Single,7,1743,17:06:00,0,4280,1,Scout,AK117,Sniper XPR 50,1,"60,4%","28,6%",95,6755,0,3,100,100
toporouge,26/04/2024,Single,9,2210,17:08:00,0,3266,1,Scout,AK117,Sniper XPR 50,1,"58,4%","0,0%",94,6995,0,3,100,100
toporouge,26/04/2024,Single,4,850,13:00:00,0,3303,0,Scout,AK117,Sniper XPR 50,0,"55,8%","0,0%",12,5025,0,25,100,100
toporouge,26/04/2024,Single,3,905,19:19:00,0,3052,3,Scout,AK117,Sniper XPR 50,1,"75,0%","0,0%",124,7095,0,2,100,100
toporouge,26/04/2024,Single,3,513,12:23:00,0,3300,2,Scout,AK117,Sniper XPR 50,0,"65,6%","0,0%",28,4827,0,17,100,100
toporouge,27/04/2024,Single,0,0,1:15:00,0,1341,0,Scout,AK117,Sniper XPR 50,0,"0,0%","0,0%",-30,475,1,99,100,100
toporouge,28/04/2024,Single,1,581,9:12:00,0,2522,5,Scout,AK117,Sniper XPR 50,0,"67,9%","100,0%",-6,3485,0,40,100,100
toporouge,28/04/2024,Single,0,240,4:33:00,0,2339,0,Scout,AK117,Sniper XPR 50,0,"6,7%","0,0%",-25,1677,0,62,100,100
toporouge,28/04/2024,Single,6,1251,8:55:00,0,2856,0,Scout,AK117,Sniper XPR 50,1,"48,6%","0,0%",-1,3900,0,40,100,100
toporouge,28/04/2024,Single,1,269,4:21:00,0,1859,0,Scout,AK117,Sniper XPR 50,0,"52,9%","0,0%",-28,1605,0,71,100,100
toporouge,28/04/2024,Single,5,956,15:52:00,0,3331,1,Scout,AK117,Sniper XPR 50,0,"78,6%","0,0%",76,11133,1,8,100,100
toporouge,28/04/2024,Single,7,1480,19:51:00,0,3503,4,Scout,AK117,Sniper XPR 50,1,"48,3%","14,3%",128,7655,0,2,100,100
toporouge,28/04/2024,Single,3,882,18:18:00,0,2938,0,Scout,AK117,Sniper XPR 50,0,"75,0%","0,0%",82,6715,0,3,100,100
toporouge,28/04/2024,Single,2,613,7:02:00,0,1863,2,Scout,AK117,Sniper XPR 50,0,"37,9%","0,0%",-18,2722,1,58,100,100
toporouge,29/04/2024,Single,5,1104,11:28:00,0,3509,0,Scout,AK117,Sniper XPR 50,1,"54,5%","0,0%",13,4665,0,24,100,100
toporouge,29/04/2024,Single,2,773,14:35:00,0,2971,0,Scout,AK117,Sniper XPR 50,0,"27,2%","0,0%",43,5387,1,15,100,100
toporouge,29/04/2024,Single,6,943,17:55:00,0,4656,3,Scout,AK117,Sniper XPR 50,0,"41,2%","16,7%",78,6900,0,3,100,100
toporouge,29/04/2024,Single,7,1381,18:04:00,0,14015,2,Scout,AK117,Sniper XPR 50,1,"36,0%","14,3%",5,7045,1,3,100,100
toporouge,29/04/2024,Single,2,399,2:49:00,0,1264,0,Scout,AK117,Sniper XPR 50,0,"63,6%","0,0%",-28,1145,1,87,100,100
toporouge,30/04/2024,Single,3,525,15:39:00,0,3909,2,Scout,AK117,Sniper XPR 50,0,"36,1%","0,0%",76,5920,0,5,100,100
toporouge,30/04/2024,Single,4,714,17:26:00,0,2660,4,Scout,AK117,Sniper XPR 50,0,"48,1%","0,0%",53,6555,0,5,100,100
toporouge,30/04/2024,Single,4,1079,13:15:00,0,2827,0,Scout,AK117,Sniper XPR 50,1,"57,4%","25,0%",5,5100,0,28,100,100
toporouge,30/04/2024,Single,11,2443,20:05:00,0,3924,5,Scout,AK117,Sniper XPR 50,1,"64,0%","9,1%",76,8250,1,1,100,100
toporouge,01/05/2024,Single,7,1769,20:32:00,0,3955,8,Scout,AK117,Sniper XPR 50,1,"39,9%","28,6%",79,7860,0,2,100,100
toporouge,01/05/2024,Single,3,549,19:00:00,0,4415,2,Scout,AK117,Sniper XPR 50,0,"60,5%","0,0%",52,6925,0,6,100,100
toporouge,01/05/2024,Single,12,2935,19:27:00,0,3741,3,Scout,AK117,Sniper XPR 50,1,"44,1%","33,3%",110,8160,1,1,100,100
toporouge,01/05/2024,Single,8,1837,18:41:00,0,4650,0,Scout,AK117,Sniper XPR 50,1,"43,5%","12,5%",110,7530,1,1,100,100
toporouge,01/05/2024,Duo,2,350,16:55:00,0,4277,1,Scout,AK117,Sniper XPR 50,0,"38,6%","0,0%",101,6656,0,1,50,100
toporouge,01/05/2024,Single,8,1654,18:54:00,0,4414,1,Scout,AK117,Sniper XPR 50,1,"50,5%","25,0%",264,7595,0,1,100,100
toporouge,02/05/2024,Single,3,830,6:16:00,0,2622,0,Scout,AK117,Sniper XPR 50,0,"100,0%","33,3%",26,2680,0,50,100,100
toporouge,02/05/2024,Duo,6,1214,18:01:00,0,4972,0,Scout,AK117,Sniper XPR 50,1,"38,3%","16,7%",299,7285,1,2,50,100
toporouge,02/05/2024,Duo,2,499,7:50:00,0,1909,0,Scout,AK117,Sniper XPR 50,0,"69,2%","0,0%",-15,3302,0,35,50,100
toporouge,02/05/2024,Single,10,1972,19:23:00,0,2579,5,Scout,AK117,Sniper XPR 50,1,"48,3%","10,0%",209,7940,1,1,100,100
toporouge,02/05/2024,Single,7,1589,19:18:00,0,3304,2,Scout,AK117,Sniper XPR 50,1,"39,2%","57,1%",158,7490,1,2,100,100
romanoski,21/04/2024,Squad,4,1603,18:06:00,0,4171,9,Pumped,AK47,Bazzoca FHJ,1,"19,7%","0,0%",93,6955,0,1,25,100
romanoski,22/04/2024,Squad,2,444,17:00:00,0,4169,0,Pumped,AK47,Bazzoca FHJ,0,"18,9%","0,0%",45,6225,0,4,25,100
romanoski,23/04/2024,Squad,2,499,9:50:00,0,2935,2,Pumped,AK47,Bazzoca FHJ,0,"28,0%","0,0%",0,3962,0,17,25,100
romanoski,23/04/2024,Squad,2,397,14:30:00,1,5000,2,Pumped,AK47,Bazzoca FHJ,0,"16,2%","0,0%",30,5475,0,6,25,100
romanoski,23/04/2024,Squad,0,0,1:39:00,0,785,0,Pumped,AK47,Bazzoca FHJ,0,"0,0%","0,0%",0,1220,1,26,26,100
romanoski,23/04/2024,Squad,5,1254,18:23:00,3,5139,11,Pumped,AK47,Bazzoca FHJ,1,"22,5%","0,0%",61,7015,1,2,25,100
romanoski,23/04/2024,Squad,2,499,18:51:00,0,3528,4,Pumped,AK47,Bazzoca FHJ,0,"8,1%","0,0%",62,6255,0,2,26,100
romanoski,24/04/2024,Squad,3,942,15:17:00,0,4131,3,Pumped,AK47,Bazzoca FHJ,1,"24,8%","0,0%",34,5810,0,7,26,100
romanoski,25/04/2024,Squad,1,567,17:34:00,0,5385,4,Pumped,AK47,Bazzoca FHJ,0,"12,9%","0,0%",49,6295,1,3,25,100
romanoski,26/04/2024,Squad,1,200,2:30:00,0,1965,0,Pumped,AK47,Bazzoca FHJ,0,"85,7%","0,0%",0,1575,1,26,26,100
romanoski,26/04/2024,Squad,6,1493,17:51:00,0,3981,8,Pumped,AK47,Bazzoca FHJ,1,"14,2%","16,7%",84,7080,0,1,25,100
romanoski,26/04/2024,Squad,2,680,19:50:00,1,6385,6,Pumped,AK47,Bazzoca FHJ,0,"22,7%","0,0%",80,7275,0,1,26,100
romanoski,26/04/2024,Squad,2,1191,17:07:00,0,3484,6,Pumped,AK47,Bazzoca FHJ,1,"16,1%","0,0%",71,6260,0,3,25,100
romanoski,26/04/2024,Squad,1,472,17:34:00,0,3636,1,Pumped,AK47,Bazzoca FHJ,0,"8,4%","0,0%",50,6295,0,5,25,100
romanoski,28/04/2024,Squad,3,1012,17:40:00,0,5034,9,Pumped,AK47,Bazzoca FHJ,1,"21,2%","0,0%",73,12374,1,1,26,100
romanoski,28/04/2024,Squad,0,211,3:15:00,0,1633,1,Pumped,AK47,Bazzoca FHJ,0,"100,0%","0,0%",-28,3128,1,24,26,100
romanoski,29/04/2024,Squad,4,729,18:31:00,0,5762,3,Pumped,AK47,Bazzoca FHJ,0,"12,5%","0,0%",75,12744,1,1,25,100
romanoski,29/04/2024,Squad,2,1252,10:57:00,0,3944,4,Pumped,AK47,Bazzoca FHJ,1,"22,0%","0,0%",19,8114,0,9,25,100
romanoski,29/04/2024,Squad,5,1378,17:51:00,2,5189,4,Pumped,AK47,Bazzoca FHJ,1,"37,1%","0,0%",56,12204,1,3,25,100
romanoski,29/04/2024,Squad,3,322,18:42:00,1,4408,3,Pumped,AK47,Bazzoca FHJ,0,"31,3%","0,0%",47,7186,1,2,25,100
romanoski,30/04/2024,Squad,2,411,17:23:00,0,4450,1,Pumped,AK47,Bazzoca FHJ,0,"35,1%","0,0%",75,6671,0,2,26,100
romanoski,01/05/2024,Squad,1,300,10:37:00,0,2124,0,Pumped,AK47,Bazzoca FHJ,0,"39,1%","0,0%",-11,4097,0,12,25,100
romanoski,01/05/2024,Squad,7,2186,19:58:00,1,6058,15,Pumped,AK47,Bazzoca FHJ,1,"19,2%","0,0%",103,7815,0,1,27,100
romanoski,01/05/2024,Squad,6,1743,16:03:00,0,4984,9,Pumped,AK47,Bazzoca FHJ,1,"27,5%","0,0%",58,6340,0,4,28,100
romanoski,01/05/2024,Squad,1,514,14:45:00,2,4526,3,Pumped,AK47,Bazzoca FHJ,0,"25,0%","0,0%",31,5450,0,7,25,100
romanoski,01/05/2024,Squad,1,299,19:59:00,0,2373,2,Pumped,AK47,Bazzoca FHJ,0,"25,4%","0,0%",57,7095,1,2,25,100
romanoski,01/05/2024,Squad,3,2365,19:30:00,0,4999,5,Pumped,AK47,Bazzoca FHJ,1,"17,3%","0,0%",82,6693,0,1,26,100
romanoski,01/05/2024,Squad,2,782,18:23:00,1,4343,3,Pumped,AK47,Bazzoca FHJ,0,"15,4%","50,0%",42,6177,0,2,25,100
romanoski,01/05/2024,Squad,4,832,17:07:00,0,4503,1,Pumped,AK47,Bazzoca FHJ,0,"15,7%","25,0%",72,6127,0,1,26,100
romanoski,02/05/2024,Squad,4,1476,19:15:00,1,5002,4,Pumped,AK47,Bazzoca FHJ,1,"17,3%","0,0%",73,6716,0,1,26,100
romanoski,02/05/2024,Squad,2,794,19:07:00,3,4118,6,Pumped,AK47,Bazzoca FHJ,0,"23,5%","100,0%",33,6380,0,2,26,100
romanoski,02/05/2024,Squad,5,1266,18:06:00,0,6259,3,Pumped,AK47,Bazzoca FHJ,1,"18,6%","40,0%",73,6490,0,1,25,100
romanoski,02/05/2024,Squad,6,1547,17:18:00,3,5530,10,Pumped,AK47,Bazzoca FHJ,1,"19,2%","0,0%",76,6361,0,1,25,100
romanoski,02/05/2024,Squad,0,12,2:56:00,0,1052,0,Pumped,AK47,Bazzoca FHJ,0,"5,0%","0,0%",-15,1540,1,25,26,100
